-- H2 2.2.224;
;
CREATE CACHED TABLE "PUBLIC"."app_user"(
    "id" BIGINT GENERATED BY DEFAULT AS IDENTITY(START WITH 1 RESTART WITH 4) DEFAULT ON NULL NOT NULL,
    "username" CHARACTER VARYING(50) NOT NULL,
    "password_hash" CHARACTER VARYING(100) NOT NULL,
    "display_name" CHARACTER VARYING(100) NOT NULL,
    "role" CHARACTER VARYING(32) NOT NULL,
    "site_scope" CHARACTER VARYING(255) NOT NULL,
    "enabled" BOOLEAN DEFAULT TRUE NOT NULL,
    "created_at" TIMESTAMP DEFAULT CURRENT_TIMESTAMP NOT NULL
);
ALTER TABLE "PUBLIC"."app_user" ADD CONSTRAINT "PUBLIC"."CONSTRAINT_4" PRIMARY KEY("id");
-- 3 +/- SELECT COUNT(*) FROM PUBLIC.app_user;
INSERT INTO "PUBLIC"."app_user"("id", "username", "password_hash", "display_name", "role", "site_scope", "enabled", "created_at") VALUES(1, 'admin', '$2a$10$FKF/gOuoP0yWDW6/g877COtg5Pm2iA12fRhgzlRoGg24nSBf7T6L2', U&'\7cfb\7edf\7ba1\7406\5458', 'ADMIN', '1', TRUE, TIMESTAMP '2026-07-20 11:06:33.036072');
INSERT INTO "PUBLIC"."app_user"("id", "username", "password_hash", "display_name", "role", "site_scope", "enabled", "created_at") VALUES(2, 'supervisor', '$2a$10$bvEHU0L7ByTBZF62B.K.juFkOSdPydaqfeOS2LDua5KrmxmAX2l82', U&'\9879\76ee\76d1\7ba1\5458', 'SUPERVISOR', '1', TRUE, TIMESTAMP '2026-07-20 11:06:33.108157');
INSERT INTO "PUBLIC"."app_user"("id", "username", "password_hash", "display_name", "role", "site_scope", "enabled", "created_at") VALUES(3, 'device', '$2a$10$lwcw4n9IxzpRQ.TwErmZourHccucUJbBkZRxwboEBQ5lqLHjFW6m.', U&'\8bbe\5907\7ba1\7406\5458', 'DEVICE_MANAGER', '1', TRUE, TIMESTAMP '2026-07-20 11:06:33.170116');
CREATE CACHED TABLE "PUBLIC"."site"(
    "id" BIGINT GENERATED BY DEFAULT AS IDENTITY(START WITH 1 RESTART WITH 2) DEFAULT ON NULL NOT NULL,
    "code" CHARACTER VARYING(32) NOT NULL,
    "name" CHARACTER VARYING(120) NOT NULL,
    "address" CHARACTER VARYING(255),
    "status" CHARACTER VARYING(20) NOT NULL,
    "updated_at" TIMESTAMP NOT NULL
);
ALTER TABLE "PUBLIC"."site" ADD CONSTRAINT "PUBLIC"."CONSTRAINT_3" PRIMARY KEY("id");
-- 1 +/- SELECT COUNT(*) FROM PUBLIC.site;
INSERT INTO "PUBLIC"."site"("id", "code", "name", "address", "status", "updated_at") VALUES(1, 'SITE-GZHU-01', U&'\8d35\5dde\5927\5b66\4e1c\6821\533a\5b9e\8bad\5de5\5730', U&'\8d35\5dde\7701\8d35\9633\5e02\82b1\6eaa\533a', 'ACTIVE', TIMESTAMP '2026-07-19 16:30:00');
CREATE CACHED TABLE "PUBLIC"."zone"(
    "id" BIGINT GENERATED BY DEFAULT AS IDENTITY(START WITH 1 RESTART WITH 7) DEFAULT ON NULL NOT NULL,
    "site_id" BIGINT NOT NULL,
    "code" CHARACTER VARYING(32) NOT NULL,
    "name" CHARACTER VARYING(100) NOT NULL,
    "status" CHARACTER VARYING(20) NOT NULL,
    "map_x" DECIMAL(6, 3) NOT NULL,
    "map_y" DECIMAL(6, 3) NOT NULL,
    "map_width" DECIMAL(6, 3) NOT NULL,
    "map_height" DECIMAL(6, 3) NOT NULL
);
ALTER TABLE "PUBLIC"."zone" ADD CONSTRAINT "PUBLIC"."CONSTRAINT_39" PRIMARY KEY("id");
-- 6 +/- SELECT COUNT(*) FROM PUBLIC.zone;
INSERT INTO "PUBLIC"."zone"("id", "site_id", "code", "name", "status", "map_x", "map_y", "map_width", "map_height") VALUES(1, 1, 'ZONE-N', U&'\5317\533a\4e3b\4f53', 'CONSTRUCTION', 0.080, 0.080, 0.330, 0.300);
INSERT INTO "PUBLIC"."zone"("id", "site_id", "code", "name", "status", "map_x", "map_y", "map_width", "map_height") VALUES(2, 1, 'ZONE-E', U&'\4e1c\533a\5854\697c', 'CONSTRUCTION', 0.610, 0.100, 0.270, 0.340);
INSERT INTO "PUBLIC"."zone"("id", "site_id", "code", "name", "status", "map_x", "map_y", "map_width", "map_height") VALUES(3, 1, 'ZONE-C', U&'\4e2d\533a\4e3b\4f53', 'CONSTRUCTION', 0.350, 0.310, 0.310, 0.300);
INSERT INTO "PUBLIC"."zone"("id", "site_id", "code", "name", "status", "map_x", "map_y", "map_width", "map_height") VALUES(4, 1, 'ZONE-W', U&'\897f\533a\57fa\5751', 'RISK_CONTROL', 0.050, 0.470, 0.300, 0.270);
INSERT INTO "PUBLIC"."zone"("id", "site_id", "code", "name", "status", "map_x", "map_y", "map_width", "map_height") VALUES(5, 1, 'ZONE-S', U&'\5357\533a\88d9\623f', 'CONSTRUCTION', 0.450, 0.630, 0.280, 0.220);
INSERT INTO "PUBLIC"."zone"("id", "site_id", "code", "name", "status", "map_x", "map_y", "map_width", "map_height") VALUES(6, 1, 'ZONE-SE', U&'\5357\533a\5728\5efa\7ec4\56e2', 'CONSTRUCTION', 0.700, 0.550, 0.250, 0.310);
CREATE CACHED TABLE "PUBLIC"."device"(
    "id" BIGINT GENERATED BY DEFAULT AS IDENTITY(START WITH 1 RESTART WITH 13) DEFAULT ON NULL NOT NULL,
    "code" CHARACTER VARYING(64) NOT NULL,
    "name" CHARACTER VARYING(120) NOT NULL,
    "type" CHARACTER VARYING(32) NOT NULL,
    "site_id" BIGINT NOT NULL,
    "zone_id" BIGINT NOT NULL,
    "location" CHARACTER VARYING(255),
    "enabled" BOOLEAN DEFAULT TRUE NOT NULL,
    "connection_status" CHARACTER VARYING(20) NOT NULL,
    "last_reported_at" TIMESTAMP,
    "config_json" CHARACTER LARGE OBJECT
);
ALTER TABLE "PUBLIC"."device" ADD CONSTRAINT "PUBLIC"."CONSTRAINT_B" PRIMARY KEY("id");
-- 12 +/- SELECT COUNT(*) FROM PUBLIC.device;
INSERT INTO "PUBLIC"."device"("id", "code", "name", "type", "site_id", "zone_id", "location", "enabled", "connection_status", "last_reported_at", "config_json") VALUES(1, 'TC-001', U&'1\53f7\5854\540a', 'TOWER_CRANE', 1, 2, U&'\4e1c\533a\5854\697c\5317\4fa7', TRUE, 'ONLINE', TIMESTAMP '2026-07-19 16:29:00', '{"maxLoad":80,"ratedMoment":1800}');
INSERT INTO "PUBLIC"."device"("id", "code", "name", "type", "site_id", "zone_id", "location", "enabled", "connection_status", "last_reported_at", "config_json") VALUES(2, 'TC-002', U&'2\53f7\5854\540a', 'TOWER_CRANE', 1, 3, U&'\4e2d\533a\4e3b\4f53\897f\4fa7', TRUE, 'ONLINE', TIMESTAMP '2026-07-19 16:29:00', '{"maxLoad":70,"ratedMoment":1600}');
INSERT INTO "PUBLIC"."device"("id", "code", "name", "type", "site_id", "zone_id", "location", "enabled", "connection_status", "last_reported_at", "config_json") VALUES(3, 'EL-001', U&'1\53f7\65bd\5de5\5347\964d\673a', 'ELEVATOR', 1, 3, U&'\4e2d\533a\4e3b\4f53\4e1c\4fa7', TRUE, 'ONLINE', TIMESTAMP '2026-07-19 16:29:00', '{"ratedLoad":2000}');
INSERT INTO "PUBLIC"."device"("id", "code", "name", "type", "site_id", "zone_id", "location", "enabled", "connection_status", "last_reported_at", "config_json") VALUES(4, 'FM-001', U&'\9ad8\652f\6a21\76d1\6d4b\7ec4', 'FORMWORK', 1, 1, U&'\5317\533a\4e3b\4f53\4e09\5c42', TRUE, 'ONLINE', TIMESTAMP '2026-07-19 16:29:00', '{"points":12}');
INSERT INTO "PUBLIC"."device"("id", "code", "name", "type", "site_id", "zone_id", "location", "enabled", "connection_status", "last_reported_at", "config_json") VALUES(5, 'PIT-001', U&'\6df1\57fa\5751\76d1\6d4b\7ec4', 'FOUNDATION_PIT', 1, 4, U&'\897f\533a\57fa\5751', TRUE, 'OFFLINE', TIMESTAMP '2026-07-19 14:55:00', '{"points":8}');
INSERT INTO "PUBLIC"."device"("id", "code", "name", "type", "site_id", "zone_id", "location", "enabled", "connection_status", "last_reported_at", "config_json") VALUES(6, 'ENV-001', U&'\4e1c\533a\73af\5883\76d1\6d4b\7ad9', 'ENVIRONMENT', 1, 2, U&'\4e1c\533a\5165\53e3', TRUE, 'ONLINE', TIMESTAMP '2026-07-19 16:29:00', '{"metrics":["pm25","pm10","noise","temperature","humidity"]}');
INSERT INTO "PUBLIC"."device"("id", "code", "name", "type", "site_id", "zone_id", "location", "enabled", "connection_status", "last_reported_at", "config_json") VALUES(7, 'ENV-002', U&'\5357\533a\73af\5883\76d1\6d4b\7ad9', 'ENVIRONMENT', 1, 6, U&'\5357\533a\56f4\6321', TRUE, 'ONLINE', TIMESTAMP '2026-07-19 16:29:00', '{"metrics":["pm25","pm10","noise","temperature","humidity"]}');
INSERT INTO "PUBLIC"."device"("id", "code", "name", "type", "site_id", "zone_id", "location", "enabled", "connection_status", "last_reported_at", "config_json") VALUES(8, 'SP-001', U&'\4e1c\533a\55b7\6dcb\8bbe\5907', 'SPRINKLER', 1, 2, U&'\4e1c\533a\56f4\6321', TRUE, 'ONLINE', TIMESTAMP '2026-07-19 16:29:00', '{"minimumIntervalMinutes":30}');
INSERT INTO "PUBLIC"."device"("id", "code", "name", "type", "site_id", "zone_id", "location", "enabled", "connection_status", "last_reported_at", "config_json") VALUES(9, 'CAM-001', U&'\4e1c\533a\5854\540a\6444\50cf\5934', 'CAMERA', 1, 2, U&'\4e1c\533a\5854\697c', TRUE, 'ONLINE', TIMESTAMP '2026-07-19 16:29:00', '{}');
INSERT INTO "PUBLIC"."device"("id", "code", "name", "type", "site_id", "zone_id", "location", "enabled", "connection_status", "last_reported_at", "config_json") VALUES(10, 'CAM-002', U&'\897f\533a\57fa\5751\6444\50cf\5934', 'CAMERA', 1, 4, U&'\897f\533a\57fa\5751', TRUE, 'OFFLINE', TIMESTAMP '2026-07-19 14:55:00', '{}');
INSERT INTO "PUBLIC"."device"("id", "code", "name", "type", "site_id", "zone_id", "location", "enabled", "connection_status", "last_reported_at", "config_json") VALUES(11, 'ENV-003', U&'\5317\533a\73af\5883\76d1\6d4b\7ad9', 'ENVIRONMENT', 1, 1, U&'\5317\533a\5165\53e3', TRUE, 'ONLINE', TIMESTAMP '2026-07-19 16:29:00', '{}');
INSERT INTO "PUBLIC"."device"("id", "code", "name", "type", "site_id", "zone_id", "location", "enabled", "connection_status", "last_reported_at", "config_json") VALUES(12, 'SP-002', U&'\5357\533a\55b7\6dcb\8bbe\5907', 'SPRINKLER', 1, 6, U&'\5357\533a\56f4\6321', FALSE, 'OFFLINE', TIMESTAMP '2026-07-19 14:55:00', '{"manualStop":true}');
CREATE INDEX "PUBLIC"."idx_device_connection_heartbeat" ON "PUBLIC"."device"("connection_status" NULLS FIRST, "enabled" NULLS FIRST, "last_reported_at" NULLS FIRST, "id" NULLS FIRST);
CREATE CACHED TABLE "PUBLIC"."telemetry"(
    "id" BIGINT GENERATED BY DEFAULT AS IDENTITY(START WITH 1 RESTART WITH 911) DEFAULT ON NULL NOT NULL,
    "message_id" CHARACTER VARYING(80) NOT NULL,
    "device_id" BIGINT NOT NULL,
    "metric_code" CHARACTER VARYING(64) NOT NULL,
    "metric_value" DECIMAL(18, 4) NOT NULL,
    "unit" CHARACTER VARYING(24),
    "collected_at" TIMESTAMP NOT NULL,
    "created_at" TIMESTAMP DEFAULT CURRENT_TIMESTAMP NOT NULL
);
ALTER TABLE "PUBLIC"."telemetry" ADD CONSTRAINT "PUBLIC"."CONSTRAINT_2" PRIMARY KEY("id");
-- 358 +/- SELECT COUNT(*) FROM PUBLIC.telemetry;
INSERT INTO "PUBLIC"."telemetry"("id", "message_id", "device_id", "metric_code", "metric_value", "unit", "collected_at", "created_at") VALUES(1, 'SEED-TC1-0', 1, 'windSpeed', 5.8000, 'm/s', TIMESTAMP '2026-07-19 15:35:00', TIMESTAMP '2026-07-20 11:06:33.194827');
INSERT INTO "PUBLIC"."telemetry"("id", "message_id", "device_id", "metric_code", "metric_value", "unit", "collected_at", "created_at") VALUES(2, 'SEED-TC1-0', 1, 'weight', 24.3000, 't', TIMESTAMP '2026-07-19 15:35:00', TIMESTAMP '2026-07-20 11:06:33.195981');
INSERT INTO "PUBLIC"."telemetry"("id", "message_id", "device_id", "metric_code", "metric_value", "unit", "collected_at", "created_at") VALUES(3, 'SEED-TC1-0', 1, 'rotation', 72.0000, U&'\00b0', TIMESTAMP '2026-07-19 15:35:00', TIMESTAMP '2026-07-20 11:06:33.196981');
INSERT INTO "PUBLIC"."telemetry"("id", "message_id", "device_id", "metric_code", "metric_value", "unit", "collected_at", "created_at") VALUES(4, 'SEED-TC1-0', 1, 'height', 38.0000, 'm', TIMESTAMP '2026-07-19 15:35:00', TIMESTAMP '2026-07-20 11:06:33.197982');
INSERT INTO "PUBLIC"."telemetry"("id", "message_id", "device_id", "metric_code", "metric_value", "unit", "collected_at", "created_at") VALUES(5, 'SEED-TC1-1', 1, 'windSpeed', 6.2000, 'm/s', TIMESTAMP '2026-07-19 15:40:00', TIMESTAMP '2026-07-20 11:06:33.198985');
INSERT INTO "PUBLIC"."telemetry"("id", "message_id", "device_id", "metric_code", "metric_value", "unit", "collected_at", "created_at") VALUES(6, 'SEED-TC1-1', 1, 'weight', 31.2000, 't', TIMESTAMP '2026-07-19 15:40:00', TIMESTAMP '2026-07-20 11:06:33.198985');
INSERT INTO "PUBLIC"."telemetry"("id", "message_id", "device_id", "metric_code", "metric_value", "unit", "collected_at", "created_at") VALUES(7, 'SEED-TC1-1', 1, 'rotation', 76.5000, U&'\00b0', TIMESTAMP '2026-07-19 15:40:00', TIMESTAMP '2026-07-20 11:06:33.199985');
INSERT INTO "PUBLIC"."telemetry"("id", "message_id", "device_id", "metric_code", "metric_value", "unit", "collected_at", "created_at") VALUES(8, 'SEED-TC1-1', 1, 'height', 39.2000, 'm', TIMESTAMP '2026-07-19 15:40:00', TIMESTAMP '2026-07-20 11:06:33.199985');
INSERT INTO "PUBLIC"."telemetry"("id", "message_id", "device_id", "metric_code", "metric_value", "unit", "collected_at", "created_at") VALUES(9, 'SEED-TC1-2', 1, 'windSpeed', 6.0000, 'm/s', TIMESTAMP '2026-07-19 15:45:00', TIMESTAMP '2026-07-20 11:06:33.200985');
INSERT INTO "PUBLIC"."telemetry"("id", "message_id", "device_id", "metric_code", "metric_value", "unit", "collected_at", "created_at") VALUES(10, 'SEED-TC1-2', 1, 'weight', 36.7000, 't', TIMESTAMP '2026-07-19 15:45:00', TIMESTAMP '2026-07-20 11:06:33.201994');
INSERT INTO "PUBLIC"."telemetry"("id", "message_id", "device_id", "metric_code", "metric_value", "unit", "collected_at", "created_at") VALUES(11, 'SEED-TC1-2', 1, 'rotation', 81.0000, U&'\00b0', TIMESTAMP '2026-07-19 15:45:00', TIMESTAMP '2026-07-20 11:06:33.202985');
INSERT INTO "PUBLIC"."telemetry"("id", "message_id", "device_id", "metric_code", "metric_value", "unit", "collected_at", "created_at") VALUES(12, 'SEED-TC1-2', 1, 'height', 40.4000, 'm', TIMESTAMP '2026-07-19 15:45:00', TIMESTAMP '2026-07-20 11:06:33.202985');
INSERT INTO "PUBLIC"."telemetry"("id", "message_id", "device_id", "metric_code", "metric_value", "unit", "collected_at", "created_at") VALUES(13, 'SEED-TC1-3', 1, 'windSpeed', 7.4000, 'm/s', TIMESTAMP '2026-07-19 15:50:00', TIMESTAMP '2026-07-20 11:06:33.204025');
INSERT INTO "PUBLIC"."telemetry"("id", "message_id", "device_id", "metric_code", "metric_value", "unit", "collected_at", "created_at") VALUES(14, 'SEED-TC1-3', 1, 'weight', 42.5000, 't', TIMESTAMP '2026-07-19 15:50:00', TIMESTAMP '2026-07-20 11:06:33.204025');
INSERT INTO "PUBLIC"."telemetry"("id", "message_id", "device_id", "metric_code", "metric_value", "unit", "collected_at", "created_at") VALUES(15, 'SEED-TC1-3', 1, 'rotation', 85.5000, U&'\00b0', TIMESTAMP '2026-07-19 15:50:00', TIMESTAMP '2026-07-20 11:06:33.204025');
INSERT INTO "PUBLIC"."telemetry"("id", "message_id", "device_id", "metric_code", "metric_value", "unit", "collected_at", "created_at") VALUES(16, 'SEED-TC1-3', 1, 'height', 41.6000, 'm', TIMESTAMP '2026-07-19 15:50:00', TIMESTAMP '2026-07-20 11:06:33.205025');
INSERT INTO "PUBLIC"."telemetry"("id", "message_id", "device_id", "metric_code", "metric_value", "unit", "collected_at", "created_at") VALUES(17, 'SEED-TC1-4', 1, 'windSpeed', 8.1000, 'm/s', TIMESTAMP '2026-07-19 15:55:00', TIMESTAMP '2026-07-20 11:06:33.205025');
INSERT INTO "PUBLIC"."telemetry"("id", "message_id", "device_id", "metric_code", "metric_value", "unit", "collected_at", "created_at") VALUES(18, 'SEED-TC1-4', 1, 'weight', 48.2000, 't', TIMESTAMP '2026-07-19 15:55:00', TIMESTAMP '2026-07-20 11:06:33.205025');
INSERT INTO "PUBLIC"."telemetry"("id", "message_id", "device_id", "metric_code", "metric_value", "unit", "collected_at", "created_at") VALUES(19, 'SEED-TC1-4', 1, 'rotation', 90.0000, U&'\00b0', TIMESTAMP '2026-07-19 15:55:00', TIMESTAMP '2026-07-20 11:06:33.206025');
INSERT INTO "PUBLIC"."telemetry"("id", "message_id", "device_id", "metric_code", "metric_value", "unit", "collected_at", "created_at") VALUES(20, 'SEED-TC1-4', 1, 'height', 42.8000, 'm', TIMESTAMP '2026-07-19 15:55:00', TIMESTAMP '2026-07-20 11:06:33.206025');
INSERT INTO "PUBLIC"."telemetry"("id", "message_id", "device_id", "metric_code", "metric_value", "unit", "collected_at", "created_at") VALUES(21, 'SEED-TC1-5', 1, 'windSpeed', 9.2000, 'm/s', TIMESTAMP '2026-07-19 16:00:00', TIMESTAMP '2026-07-20 11:06:33.206025');
INSERT INTO "PUBLIC"."telemetry"("id", "message_id", "device_id", "metric_code", "metric_value", "unit", "collected_at", "created_at") VALUES(22, 'SEED-TC1-5', 1, 'weight', 51.6000, 't', TIMESTAMP '2026-07-19 16:00:00', TIMESTAMP '2026-07-20 11:06:33.206025');
INSERT INTO "PUBLIC"."telemetry"("id", "message_id", "device_id", "metric_code", "metric_value", "unit", "collected_at", "created_at") VALUES(23, 'SEED-TC1-5', 1, 'rotation', 94.5000, U&'\00b0', TIMESTAMP '2026-07-19 16:00:00', TIMESTAMP '2026-07-20 11:06:33.207025');
INSERT INTO "PUBLIC"."telemetry"("id", "message_id", "device_id", "metric_code", "metric_value", "unit", "collected_at", "created_at") VALUES(24, 'SEED-TC1-5', 1, 'height', 44.0000, 'm', TIMESTAMP '2026-07-19 16:00:00', TIMESTAMP '2026-07-20 11:06:33.207025');
INSERT INTO "PUBLIC"."telemetry"("id", "message_id", "device_id", "metric_code", "metric_value", "unit", "collected_at", "created_at") VALUES(25, 'SEED-TC1-6', 1, 'windSpeed', 10.6000, 'm/s', TIMESTAMP '2026-07-19 16:05:00', TIMESTAMP '2026-07-20 11:06:33.207025');
INSERT INTO "PUBLIC"."telemetry"("id", "message_id", "device_id", "metric_code", "metric_value", "unit", "collected_at", "created_at") VALUES(26, 'SEED-TC1-6', 1, 'weight', 60.4000, 't', TIMESTAMP '2026-07-19 16:05:00', TIMESTAMP '2026-07-20 11:06:33.208025');
INSERT INTO "PUBLIC"."telemetry"("id", "message_id", "device_id", "metric_code", "metric_value", "unit", "collected_at", "created_at") VALUES(27, 'SEED-TC1-6', 1, 'rotation', 99.0000, U&'\00b0', TIMESTAMP '2026-07-19 16:05:00', TIMESTAMP '2026-07-20 11:06:33.208025');
INSERT INTO "PUBLIC"."telemetry"("id", "message_id", "device_id", "metric_code", "metric_value", "unit", "collected_at", "created_at") VALUES(28, 'SEED-TC1-6', 1, 'height', 45.2000, 'm', TIMESTAMP '2026-07-19 16:05:00', TIMESTAMP '2026-07-20 11:06:33.208025');
INSERT INTO "PUBLIC"."telemetry"("id", "message_id", "device_id", "metric_code", "metric_value", "unit", "collected_at", "created_at") VALUES(29, 'SEED-TC1-7', 1, 'windSpeed', 11.8000, 'm/s', TIMESTAMP '2026-07-19 16:10:00', TIMESTAMP '2026-07-20 11:06:33.208025');
INSERT INTO "PUBLIC"."telemetry"("id", "message_id", "device_id", "metric_code", "metric_value", "unit", "collected_at", "created_at") VALUES(30, 'SEED-TC1-7', 1, 'weight', 62.1000, 't', TIMESTAMP '2026-07-19 16:10:00', TIMESTAMP '2026-07-20 11:06:33.209529');
INSERT INTO "PUBLIC"."telemetry"("id", "message_id", "device_id", "metric_code", "metric_value", "unit", "collected_at", "created_at") VALUES(31, 'SEED-TC1-7', 1, 'rotation', 103.5000, U&'\00b0', TIMESTAMP '2026-07-19 16:10:00', TIMESTAMP '2026-07-20 11:06:33.209529');
INSERT INTO "PUBLIC"."telemetry"("id", "message_id", "device_id", "metric_code", "metric_value", "unit", "collected_at", "created_at") VALUES(32, 'SEED-TC1-7', 1, 'height', 46.4000, 'm', TIMESTAMP '2026-07-19 16:10:00', TIMESTAMP '2026-07-20 11:06:33.209529');
INSERT INTO "PUBLIC"."telemetry"("id", "message_id", "device_id", "metric_code", "metric_value", "unit", "collected_at", "created_at") VALUES(33, 'SEED-TC1-8', 1, 'windSpeed', 9.7000, 'm/s', TIMESTAMP '2026-07-19 16:15:00', TIMESTAMP '2026-07-20 11:06:33.210534');
INSERT INTO "PUBLIC"."telemetry"("id", "message_id", "device_id", "metric_code", "metric_value", "unit", "collected_at", "created_at") VALUES(34, 'SEED-TC1-8', 1, 'weight', 55.8000, 't', TIMESTAMP '2026-07-19 16:15:00', TIMESTAMP '2026-07-20 11:06:33.210534');
INSERT INTO "PUBLIC"."telemetry"("id", "message_id", "device_id", "metric_code", "metric_value", "unit", "collected_at", "created_at") VALUES(35, 'SEED-TC1-8', 1, 'rotation', 108.0000, U&'\00b0', TIMESTAMP '2026-07-19 16:15:00', TIMESTAMP '2026-07-20 11:06:33.210534');
INSERT INTO "PUBLIC"."telemetry"("id", "message_id", "device_id", "metric_code", "metric_value", "unit", "collected_at", "created_at") VALUES(36, 'SEED-TC1-8', 1, 'height', 47.6000, 'm', TIMESTAMP '2026-07-19 16:15:00', TIMESTAMP '2026-07-20 11:06:33.211535');
INSERT INTO "PUBLIC"."telemetry"("id", "message_id", "device_id", "metric_code", "metric_value", "unit", "collected_at", "created_at") VALUES(37, 'SEED-TC1-9', 1, 'windSpeed', 8.9000, 'm/s', TIMESTAMP '2026-07-19 16:20:00', TIMESTAMP '2026-07-20 11:06:33.211535');
INSERT INTO "PUBLIC"."telemetry"("id", "message_id", "device_id", "metric_code", "metric_value", "unit", "collected_at", "created_at") VALUES(38, 'SEED-TC1-9', 1, 'weight', 44.2000, 't', TIMESTAMP '2026-07-19 16:20:00', TIMESTAMP '2026-07-20 11:06:33.211535');
INSERT INTO "PUBLIC"."telemetry"("id", "message_id", "device_id", "metric_code", "metric_value", "unit", "collected_at", "created_at") VALUES(39, 'SEED-TC1-9', 1, 'rotation', 112.5000, U&'\00b0', TIMESTAMP '2026-07-19 16:20:00', TIMESTAMP '2026-07-20 11:06:33.211535');
INSERT INTO "PUBLIC"."telemetry"("id", "message_id", "device_id", "metric_code", "metric_value", "unit", "collected_at", "created_at") VALUES(40, 'SEED-TC1-9', 1, 'height', 48.8000, 'm', TIMESTAMP '2026-07-19 16:20:00', TIMESTAMP '2026-07-20 11:06:33.213038');
INSERT INTO "PUBLIC"."telemetry"("id", "message_id", "device_id", "metric_code", "metric_value", "unit", "collected_at", "created_at") VALUES(41, 'SEED-TC1-10', 1, 'windSpeed', 7.8000, 'm/s', TIMESTAMP '2026-07-19 16:25:00', TIMESTAMP '2026-07-20 11:06:33.213038');
INSERT INTO "PUBLIC"."telemetry"("id", "message_id", "device_id", "metric_code", "metric_value", "unit", "collected_at", "created_at") VALUES(42, 'SEED-TC1-10', 1, 'weight', 38.5000, 't', TIMESTAMP '2026-07-19 16:25:00', TIMESTAMP '2026-07-20 11:06:33.213038');
INSERT INTO "PUBLIC"."telemetry"("id", "message_id", "device_id", "metric_code", "metric_value", "unit", "collected_at", "created_at") VALUES(43, 'SEED-TC1-10', 1, 'rotation', 117.0000, U&'\00b0', TIMESTAMP '2026-07-19 16:25:00', TIMESTAMP '2026-07-20 11:06:33.214041');
INSERT INTO "PUBLIC"."telemetry"("id", "message_id", "device_id", "metric_code", "metric_value", "unit", "collected_at", "created_at") VALUES(44, 'SEED-TC1-10', 1, 'height', 50.0000, 'm', TIMESTAMP '2026-07-19 16:25:00', TIMESTAMP '2026-07-20 11:06:33.214041');
INSERT INTO "PUBLIC"."telemetry"("id", "message_id", "device_id", "metric_code", "metric_value", "unit", "collected_at", "created_at") VALUES(45, 'SEED-TC1-11', 1, 'windSpeed', 7.2000, 'm/s', TIMESTAMP '2026-07-19 16:30:00', TIMESTAMP '2026-07-20 11:06:33.214041');
INSERT INTO "PUBLIC"."telemetry"("id", "message_id", "device_id", "metric_code", "metric_value", "unit", "collected_at", "created_at") VALUES(46, 'SEED-TC1-11', 1, 'weight', 29.1000, 't', TIMESTAMP '2026-07-19 16:30:00', TIMESTAMP '2026-07-20 11:06:33.215041');
INSERT INTO "PUBLIC"."telemetry"("id", "message_id", "device_id", "metric_code", "metric_value", "unit", "collected_at", "created_at") VALUES(47, 'SEED-TC1-11', 1, 'rotation', 121.5000, U&'\00b0', TIMESTAMP '2026-07-19 16:30:00', TIMESTAMP '2026-07-20 11:06:33.215041');
INSERT INTO "PUBLIC"."telemetry"("id", "message_id", "device_id", "metric_code", "metric_value", "unit", "collected_at", "created_at") VALUES(48, 'SEED-TC1-11', 1, 'height', 51.2000, 'm', TIMESTAMP '2026-07-19 16:30:00', TIMESTAMP '2026-07-20 11:06:33.216041');
INSERT INTO "PUBLIC"."telemetry"("id", "message_id", "device_id", "metric_code", "metric_value", "unit", "collected_at", "created_at") VALUES(49, 'SEED-ENV1-0', 6, 'pm25', 42.0000, U&'\03bcg/m\00b3', TIMESTAMP '2026-07-19 14:40:00', TIMESTAMP '2026-07-20 11:06:33.216041');
INSERT INTO "PUBLIC"."telemetry"("id", "message_id", "device_id", "metric_code", "metric_value", "unit", "collected_at", "created_at") VALUES(50, 'SEED-ENV1-0', 6, 'noise', 68.0000, 'dB', TIMESTAMP '2026-07-19 14:40:00', TIMESTAMP '2026-07-20 11:06:33.217041');
INSERT INTO "PUBLIC"."telemetry"("id", "message_id", "device_id", "metric_code", "metric_value", "unit", "collected_at", "created_at") VALUES(51, 'SEED-ENV1-0', 6, 'temperature', 27.2000, U&'\00b0C', TIMESTAMP '2026-07-19 14:40:00', TIMESTAMP '2026-07-20 11:06:33.217041');
INSERT INTO "PUBLIC"."telemetry"("id", "message_id", "device_id", "metric_code", "metric_value", "unit", "collected_at", "created_at") VALUES(52, 'SEED-ENV1-0', 6, 'humidity', 66.0000, '%', TIMESTAMP '2026-07-19 14:40:00', TIMESTAMP '2026-07-20 11:06:33.217041');
INSERT INTO "PUBLIC"."telemetry"("id", "message_id", "device_id", "metric_code", "metric_value", "unit", "collected_at", "created_at") VALUES(53, 'SEED-ENV1-1', 6, 'pm25', 46.0000, U&'\03bcg/m\00b3', TIMESTAMP '2026-07-19 14:50:00', TIMESTAMP '2026-07-20 11:06:33.217041');
INSERT INTO "PUBLIC"."telemetry"("id", "message_id", "device_id", "metric_code", "metric_value", "unit", "collected_at", "created_at") VALUES(54, 'SEED-ENV1-1', 6, 'noise', 71.0000, 'dB', TIMESTAMP '2026-07-19 14:50:00', TIMESTAMP '2026-07-20 11:06:33.218041');
INSERT INTO "PUBLIC"."telemetry"("id", "message_id", "device_id", "metric_code", "metric_value", "unit", "collected_at", "created_at") VALUES(55, 'SEED-ENV1-1', 6, 'temperature', 27.3200, U&'\00b0C', TIMESTAMP '2026-07-19 14:50:00', TIMESTAMP '2026-07-20 11:06:33.218041');
INSERT INTO "PUBLIC"."telemetry"("id", "message_id", "device_id", "metric_code", "metric_value", "unit", "collected_at", "created_at") VALUES(56, 'SEED-ENV1-1', 6, 'humidity', 65.7000, '%', TIMESTAMP '2026-07-19 14:50:00', TIMESTAMP '2026-07-20 11:06:33.218041');
INSERT INTO "PUBLIC"."telemetry"("id", "message_id", "device_id", "metric_code", "metric_value", "unit", "collected_at", "created_at") VALUES(57, 'SEED-ENV1-2', 6, 'pm25', 51.0000, U&'\03bcg/m\00b3', TIMESTAMP '2026-07-19 15:00:00', TIMESTAMP '2026-07-20 11:06:33.218041');
INSERT INTO "PUBLIC"."telemetry"("id", "message_id", "device_id", "metric_code", "metric_value", "unit", "collected_at", "created_at") VALUES(58, 'SEED-ENV1-2', 6, 'noise', 74.0000, 'dB', TIMESTAMP '2026-07-19 15:00:00', TIMESTAMP '2026-07-20 11:06:33.219041');
INSERT INTO "PUBLIC"."telemetry"("id", "message_id", "device_id", "metric_code", "metric_value", "unit", "collected_at", "created_at") VALUES(59, 'SEED-ENV1-2', 6, 'temperature', 27.4400, U&'\00b0C', TIMESTAMP '2026-07-19 15:00:00', TIMESTAMP '2026-07-20 11:06:33.219041');
INSERT INTO "PUBLIC"."telemetry"("id", "message_id", "device_id", "metric_code", "metric_value", "unit", "collected_at", "created_at") VALUES(60, 'SEED-ENV1-2', 6, 'humidity', 65.4000, '%', TIMESTAMP '2026-07-19 15:00:00', TIMESTAMP '2026-07-20 11:06:33.219041');
INSERT INTO "PUBLIC"."telemetry"("id", "message_id", "device_id", "metric_code", "metric_value", "unit", "collected_at", "created_at") VALUES(61, 'SEED-ENV1-3', 6, 'pm25', 58.0000, U&'\03bcg/m\00b3', TIMESTAMP '2026-07-19 15:10:00', TIMESTAMP '2026-07-20 11:06:33.220041');
INSERT INTO "PUBLIC"."telemetry"("id", "message_id", "device_id", "metric_code", "metric_value", "unit", "collected_at", "created_at") VALUES(62, 'SEED-ENV1-3', 6, 'noise', 76.0000, 'dB', TIMESTAMP '2026-07-19 15:10:00', TIMESTAMP '2026-07-20 11:06:33.220041');
INSERT INTO "PUBLIC"."telemetry"("id", "message_id", "device_id", "metric_code", "metric_value", "unit", "collected_at", "created_at") VALUES(63, 'SEED-ENV1-3', 6, 'temperature', 27.5600, U&'\00b0C', TIMESTAMP '2026-07-19 15:10:00', TIMESTAMP '2026-07-20 11:06:33.220041');
INSERT INTO "PUBLIC"."telemetry"("id", "message_id", "device_id", "metric_code", "metric_value", "unit", "collected_at", "created_at") VALUES(64, 'SEED-ENV1-3', 6, 'humidity', 65.1000, '%', TIMESTAMP '2026-07-19 15:10:00', TIMESTAMP '2026-07-20 11:06:33.220041');
INSERT INTO "PUBLIC"."telemetry"("id", "message_id", "device_id", "metric_code", "metric_value", "unit", "collected_at", "created_at") VALUES(65, 'SEED-ENV1-4', 6, 'pm25', 63.0000, U&'\03bcg/m\00b3', TIMESTAMP '2026-07-19 15:20:00', TIMESTAMP '2026-07-20 11:06:33.221545');
INSERT INTO "PUBLIC"."telemetry"("id", "message_id", "device_id", "metric_code", "metric_value", "unit", "collected_at", "created_at") VALUES(66, 'SEED-ENV1-4', 6, 'noise', 82.0000, 'dB', TIMESTAMP '2026-07-19 15:20:00', TIMESTAMP '2026-07-20 11:06:33.222056');
INSERT INTO "PUBLIC"."telemetry"("id", "message_id", "device_id", "metric_code", "metric_value", "unit", "collected_at", "created_at") VALUES(67, 'SEED-ENV1-4', 6, 'temperature', 27.6800, U&'\00b0C', TIMESTAMP '2026-07-19 15:20:00', TIMESTAMP '2026-07-20 11:06:33.222056');
INSERT INTO "PUBLIC"."telemetry"("id", "message_id", "device_id", "metric_code", "metric_value", "unit", "collected_at", "created_at") VALUES(68, 'SEED-ENV1-4', 6, 'humidity', 64.8000, '%', TIMESTAMP '2026-07-19 15:20:00', TIMESTAMP '2026-07-20 11:06:33.222056');
INSERT INTO "PUBLIC"."telemetry"("id", "message_id", "device_id", "metric_code", "metric_value", "unit", "collected_at", "created_at") VALUES(69, 'SEED-ENV1-5', 6, 'pm25', 71.0000, U&'\03bcg/m\00b3', TIMESTAMP '2026-07-19 15:30:00', TIMESTAMP '2026-07-20 11:06:33.222056');
INSERT INTO "PUBLIC"."telemetry"("id", "message_id", "device_id", "metric_code", "metric_value", "unit", "collected_at", "created_at") VALUES(70, 'SEED-ENV1-5', 6, 'noise', 84.0000, 'dB', TIMESTAMP '2026-07-19 15:30:00', TIMESTAMP '2026-07-20 11:06:33.223059');
INSERT INTO "PUBLIC"."telemetry"("id", "message_id", "device_id", "metric_code", "metric_value", "unit", "collected_at", "created_at") VALUES(71, 'SEED-ENV1-5', 6, 'temperature', 27.8000, U&'\00b0C', TIMESTAMP '2026-07-19 15:30:00', TIMESTAMP '2026-07-20 11:06:33.223059');
INSERT INTO "PUBLIC"."telemetry"("id", "message_id", "device_id", "metric_code", "metric_value", "unit", "collected_at", "created_at") VALUES(72, 'SEED-ENV1-5', 6, 'humidity', 64.5000, '%', TIMESTAMP '2026-07-19 15:30:00', TIMESTAMP '2026-07-20 11:06:33.223059');
INSERT INTO "PUBLIC"."telemetry"("id", "message_id", "device_id", "metric_code", "metric_value", "unit", "collected_at", "created_at") VALUES(73, 'SEED-ENV1-6', 6, 'pm25', 78.0000, U&'\03bcg/m\00b3', TIMESTAMP '2026-07-19 15:40:00', TIMESTAMP '2026-07-20 11:06:33.223059');
INSERT INTO "PUBLIC"."telemetry"("id", "message_id", "device_id", "metric_code", "metric_value", "unit", "collected_at", "created_at") VALUES(74, 'SEED-ENV1-6', 6, 'noise', 87.0000, 'dB', TIMESTAMP '2026-07-19 15:40:00', TIMESTAMP '2026-07-20 11:06:33.224218');
INSERT INTO "PUBLIC"."telemetry"("id", "message_id", "device_id", "metric_code", "metric_value", "unit", "collected_at", "created_at") VALUES(75, 'SEED-ENV1-6', 6, 'temperature', 27.9200, U&'\00b0C', TIMESTAMP '2026-07-19 15:40:00', TIMESTAMP '2026-07-20 11:06:33.224218');
INSERT INTO "PUBLIC"."telemetry"("id", "message_id", "device_id", "metric_code", "metric_value", "unit", "collected_at", "created_at") VALUES(76, 'SEED-ENV1-6', 6, 'humidity', 64.2000, '%', TIMESTAMP '2026-07-19 15:40:00', TIMESTAMP '2026-07-20 11:06:33.224218');
INSERT INTO "PUBLIC"."telemetry"("id", "message_id", "device_id", "metric_code", "metric_value", "unit", "collected_at", "created_at") VALUES(77, 'SEED-ENV1-7', 6, 'pm25', 82.0000, U&'\03bcg/m\00b3', TIMESTAMP '2026-07-19 15:50:00', TIMESTAMP '2026-07-20 11:06:33.224218');
INSERT INTO "PUBLIC"."telemetry"("id", "message_id", "device_id", "metric_code", "metric_value", "unit", "collected_at", "created_at") VALUES(78, 'SEED-ENV1-7', 6, 'noise', 83.0000, 'dB', TIMESTAMP '2026-07-19 15:50:00', TIMESTAMP '2026-07-20 11:06:33.225218');
INSERT INTO "PUBLIC"."telemetry"("id", "message_id", "device_id", "metric_code", "metric_value", "unit", "collected_at", "created_at") VALUES(79, 'SEED-ENV1-7', 6, 'temperature', 28.0400, U&'\00b0C', TIMESTAMP '2026-07-19 15:50:00', TIMESTAMP '2026-07-20 11:06:33.225218');
INSERT INTO "PUBLIC"."telemetry"("id", "message_id", "device_id", "metric_code", "metric_value", "unit", "collected_at", "created_at") VALUES(80, 'SEED-ENV1-7', 6, 'humidity', 63.9000, '%', TIMESTAMP '2026-07-19 15:50:00', TIMESTAMP '2026-07-20 11:06:33.225218');
INSERT INTO "PUBLIC"."telemetry"("id", "message_id", "device_id", "metric_code", "metric_value", "unit", "collected_at", "created_at") VALUES(81, 'SEED-ENV1-8', 6, 'pm25', 69.0000, U&'\03bcg/m\00b3', TIMESTAMP '2026-07-19 16:00:00', TIMESTAMP '2026-07-20 11:06:33.225218');
INSERT INTO "PUBLIC"."telemetry"("id", "message_id", "device_id", "metric_code", "metric_value", "unit", "collected_at", "created_at") VALUES(82, 'SEED-ENV1-8', 6, 'noise', 79.0000, 'dB', TIMESTAMP '2026-07-19 16:00:00', TIMESTAMP '2026-07-20 11:06:33.226219');
INSERT INTO "PUBLIC"."telemetry"("id", "message_id", "device_id", "metric_code", "metric_value", "unit", "collected_at", "created_at") VALUES(83, 'SEED-ENV1-8', 6, 'temperature', 28.1600, U&'\00b0C', TIMESTAMP '2026-07-19 16:00:00', TIMESTAMP '2026-07-20 11:06:33.226219');
INSERT INTO "PUBLIC"."telemetry"("id", "message_id", "device_id", "metric_code", "metric_value", "unit", "collected_at", "created_at") VALUES(84, 'SEED-ENV1-8', 6, 'humidity', 63.6000, '%', TIMESTAMP '2026-07-19 16:00:00', TIMESTAMP '2026-07-20 11:06:33.226219');
INSERT INTO "PUBLIC"."telemetry"("id", "message_id", "device_id", "metric_code", "metric_value", "unit", "collected_at", "created_at") VALUES(85, 'SEED-ENV1-9', 6, 'pm25', 61.0000, U&'\03bcg/m\00b3', TIMESTAMP '2026-07-19 16:10:00', TIMESTAMP '2026-07-20 11:06:33.226219');
INSERT INTO "PUBLIC"."telemetry"("id", "message_id", "device_id", "metric_code", "metric_value", "unit", "collected_at", "created_at") VALUES(86, 'SEED-ENV1-9', 6, 'noise', 75.0000, 'dB', TIMESTAMP '2026-07-19 16:10:00', TIMESTAMP '2026-07-20 11:06:33.226219');
INSERT INTO "PUBLIC"."telemetry"("id", "message_id", "device_id", "metric_code", "metric_value", "unit", "collected_at", "created_at") VALUES(87, 'SEED-ENV1-9', 6, 'temperature', 28.2800, U&'\00b0C', TIMESTAMP '2026-07-19 16:10:00', TIMESTAMP '2026-07-20 11:06:33.227217');
INSERT INTO "PUBLIC"."telemetry"("id", "message_id", "device_id", "metric_code", "metric_value", "unit", "collected_at", "created_at") VALUES(88, 'SEED-ENV1-9', 6, 'humidity', 63.3000, '%', TIMESTAMP '2026-07-19 16:10:00', TIMESTAMP '2026-07-20 11:06:33.227217');
INSERT INTO "PUBLIC"."telemetry"("id", "message_id", "device_id", "metric_code", "metric_value", "unit", "collected_at", "created_at") VALUES(89, 'SEED-ENV1-10', 6, 'pm25', 57.0000, U&'\03bcg/m\00b3', TIMESTAMP '2026-07-19 16:20:00', TIMESTAMP '2026-07-20 11:06:33.227217');
INSERT INTO "PUBLIC"."telemetry"("id", "message_id", "device_id", "metric_code", "metric_value", "unit", "collected_at", "created_at") VALUES(90, 'SEED-ENV1-10', 6, 'noise', 72.0000, 'dB', TIMESTAMP '2026-07-19 16:20:00', TIMESTAMP '2026-07-20 11:06:33.228218');
INSERT INTO "PUBLIC"."telemetry"("id", "message_id", "device_id", "metric_code", "metric_value", "unit", "collected_at", "created_at") VALUES(91, 'SEED-ENV1-10', 6, 'temperature', 28.4000, U&'\00b0C', TIMESTAMP '2026-07-19 16:20:00', TIMESTAMP '2026-07-20 11:06:33.228218');
INSERT INTO "PUBLIC"."telemetry"("id", "message_id", "device_id", "metric_code", "metric_value", "unit", "collected_at", "created_at") VALUES(92, 'SEED-ENV1-10', 6, 'humidity', 63.0000, '%', TIMESTAMP '2026-07-19 16:20:00', TIMESTAMP '2026-07-20 11:06:33.228218');
INSERT INTO "PUBLIC"."telemetry"("id", "message_id", "device_id", "metric_code", "metric_value", "unit", "collected_at", "created_at") VALUES(93, 'SEED-ENV1-11', 6, 'pm25', 52.0000, U&'\03bcg/m\00b3', TIMESTAMP '2026-07-19 16:30:00', TIMESTAMP '2026-07-20 11:06:33.228218');
INSERT INTO "PUBLIC"."telemetry"("id", "message_id", "device_id", "metric_code", "metric_value", "unit", "collected_at", "created_at") VALUES(94, 'SEED-ENV1-11', 6, 'noise', 70.0000, 'dB', TIMESTAMP '2026-07-19 16:30:00', TIMESTAMP '2026-07-20 11:06:33.229218');
INSERT INTO "PUBLIC"."telemetry"("id", "message_id", "device_id", "metric_code", "metric_value", "unit", "collected_at", "created_at") VALUES(95, 'SEED-ENV1-11', 6, 'temperature', 28.5200, U&'\00b0C', TIMESTAMP '2026-07-19 16:30:00', TIMESTAMP '2026-07-20 11:06:33.229218');
INSERT INTO "PUBLIC"."telemetry"("id", "message_id", "device_id", "metric_code", "metric_value", "unit", "collected_at", "created_at") VALUES(96, 'SEED-ENV1-11', 6, 'humidity', 62.7000, '%', TIMESTAMP '2026-07-19 16:30:00', TIMESTAMP '2026-07-20 11:06:33.229218');
INSERT INTO "PUBLIC"."telemetry"("id", "message_id", "device_id", "metric_code", "metric_value", "unit", "collected_at", "created_at") VALUES(97, 'SEED-ENV2-LATEST', 7, 'pm25', 52.0000, U&'\03bcg/m\00b3', TIMESTAMP '2026-07-19 16:29:00', TIMESTAMP '2026-07-20 11:06:33.229218');
INSERT INTO "PUBLIC"."telemetry"("id", "message_id", "device_id", "metric_code", "metric_value", "unit", "collected_at", "created_at") VALUES(98, 'SEED-ENV2-LATEST', 7, 'noise', 70.0000, 'dB', TIMESTAMP '2026-07-19 16:29:00', TIMESTAMP '2026-07-20 11:06:33.230218');
INSERT INTO "PUBLIC"."telemetry"("id", "message_id", "device_id", "metric_code", "metric_value", "unit", "collected_at", "created_at") VALUES(99, 'DEMO-LARGE-EL-01', 3, 'direction', 1.0000, 'code', TIMESTAMP '2026-07-19 15:20:00', TIMESTAMP '2026-07-20 12:24:04.838449');
INSERT INTO "PUBLIC"."telemetry"("id", "message_id", "device_id", "metric_code", "metric_value", "unit", "collected_at", "created_at") VALUES(100, 'DEMO-LARGE-EL-01', 3, 'floor', 1.0000, U&'\5c42', TIMESTAMP '2026-07-19 15:20:00', TIMESTAMP '2026-07-20 12:24:04.840133');
INSERT INTO "PUBLIC"."telemetry"("id", "message_id", "device_id", "metric_code", "metric_value", "unit", "collected_at", "created_at") VALUES(101, 'DEMO-LARGE-EL-01', 3, 'doorStatus', 1.0000, 'code', TIMESTAMP '2026-07-19 15:20:00', TIMESTAMP '2026-07-20 12:24:04.842136');
INSERT INTO "PUBLIC"."telemetry"("id", "message_id", "device_id", "metric_code", "metric_value", "unit", "collected_at", "created_at") VALUES(102, 'DEMO-LARGE-EL-01', 3, 'load', 640.0000, 'kg', TIMESTAMP '2026-07-19 15:20:00', TIMESTAMP '2026-07-20 12:24:04.842743');
INSERT INTO "PUBLIC"."telemetry"("id", "message_id", "device_id", "metric_code", "metric_value", "unit", "collected_at", "created_at") VALUES(103, 'DEMO-LARGE-EL-01', 3, 'speed', 0.0000, 'm/s', TIMESTAMP '2026-07-19 15:20:00', TIMESTAMP '2026-07-20 12:24:04.843746');
INSERT INTO "PUBLIC"."telemetry"("id", "message_id", "device_id", "metric_code", "metric_value", "unit", "collected_at", "created_at") VALUES(104, 'DEMO-LARGE-EL-01', 3, 'limitStatus', 0.0000, 'code', TIMESTAMP '2026-07-19 15:20:00', TIMESTAMP '2026-07-20 12:24:04.845335');
INSERT INTO "PUBLIC"."telemetry"("id", "message_id", "device_id", "metric_code", "metric_value", "unit", "collected_at", "created_at") VALUES(105, 'DEMO-LARGE-EL-02', 3, 'direction', 2.0000, 'code', TIMESTAMP '2026-07-19 15:30:00', TIMESTAMP '2026-07-20 12:24:04.845335');
INSERT INTO "PUBLIC"."telemetry"("id", "message_id", "device_id", "metric_code", "metric_value", "unit", "collected_at", "created_at") VALUES(106, 'DEMO-LARGE-EL-02', 3, 'floor', 3.0000, U&'\5c42', TIMESTAMP '2026-07-19 15:30:00', TIMESTAMP '2026-07-20 12:24:04.846338');
INSERT INTO "PUBLIC"."telemetry"("id", "message_id", "device_id", "metric_code", "metric_value", "unit", "collected_at", "created_at") VALUES(107, 'DEMO-LARGE-EL-02', 3, 'doorStatus', 0.0000, 'code', TIMESTAMP '2026-07-19 15:30:00', TIMESTAMP '2026-07-20 12:24:04.848589');
INSERT INTO "PUBLIC"."telemetry"("id", "message_id", "device_id", "metric_code", "metric_value", "unit", "collected_at", "created_at") VALUES(108, 'DEMO-LARGE-EL-02', 3, 'load', 720.0000, 'kg', TIMESTAMP '2026-07-19 15:30:00', TIMESTAMP '2026-07-20 12:24:04.849592');
INSERT INTO "PUBLIC"."telemetry"("id", "message_id", "device_id", "metric_code", "metric_value", "unit", "collected_at", "created_at") VALUES(109, 'DEMO-LARGE-EL-02', 3, 'speed', 0.8000, 'm/s', TIMESTAMP '2026-07-19 15:30:00', TIMESTAMP '2026-07-20 12:24:04.851592');
INSERT INTO "PUBLIC"."telemetry"("id", "message_id", "device_id", "metric_code", "metric_value", "unit", "collected_at", "created_at") VALUES(110, 'DEMO-LARGE-EL-02', 3, 'limitStatus', 0.0000, 'code', TIMESTAMP '2026-07-19 15:30:00', TIMESTAMP '2026-07-20 12:24:04.852594');
INSERT INTO "PUBLIC"."telemetry"("id", "message_id", "device_id", "metric_code", "metric_value", "unit", "collected_at", "created_at") VALUES(111, 'DEMO-LARGE-EL-03', 3, 'direction', 2.0000, 'code', TIMESTAMP '2026-07-19 15:40:00', TIMESTAMP '2026-07-20 12:24:04.854593');
INSERT INTO "PUBLIC"."telemetry"("id", "message_id", "device_id", "metric_code", "metric_value", "unit", "collected_at", "created_at") VALUES(112, 'DEMO-LARGE-EL-03', 3, 'floor', 5.0000, U&'\5c42', TIMESTAMP '2026-07-19 15:40:00', TIMESTAMP '2026-07-20 12:24:04.855665');
INSERT INTO "PUBLIC"."telemetry"("id", "message_id", "device_id", "metric_code", "metric_value", "unit", "collected_at", "created_at") VALUES(113, 'DEMO-LARGE-EL-03', 3, 'doorStatus', 0.0000, 'code', TIMESTAMP '2026-07-19 15:40:00', TIMESTAMP '2026-07-20 12:24:04.856665');
INSERT INTO "PUBLIC"."telemetry"("id", "message_id", "device_id", "metric_code", "metric_value", "unit", "collected_at", "created_at") VALUES(114, 'DEMO-LARGE-EL-03', 3, 'load', 810.0000, 'kg', TIMESTAMP '2026-07-19 15:40:00', TIMESTAMP '2026-07-20 12:24:04.859174');
INSERT INTO "PUBLIC"."telemetry"("id", "message_id", "device_id", "metric_code", "metric_value", "unit", "collected_at", "created_at") VALUES(115, 'DEMO-LARGE-EL-03', 3, 'speed', 1.1000, 'm/s', TIMESTAMP '2026-07-19 15:40:00', TIMESTAMP '2026-07-20 12:24:04.860267');
INSERT INTO "PUBLIC"."telemetry"("id", "message_id", "device_id", "metric_code", "metric_value", "unit", "collected_at", "created_at") VALUES(116, 'DEMO-LARGE-EL-03', 3, 'limitStatus', 0.0000, 'code', TIMESTAMP '2026-07-19 15:40:00', TIMESTAMP '2026-07-20 12:24:04.860267');
INSERT INTO "PUBLIC"."telemetry"("id", "message_id", "device_id", "metric_code", "metric_value", "unit", "collected_at", "created_at") VALUES(117, 'DEMO-LARGE-EL-04', 3, 'direction', 2.0000, 'code', TIMESTAMP '2026-07-19 15:50:00', TIMESTAMP '2026-07-20 12:24:04.861771');
INSERT INTO "PUBLIC"."telemetry"("id", "message_id", "device_id", "metric_code", "metric_value", "unit", "collected_at", "created_at") VALUES(118, 'DEMO-LARGE-EL-04', 3, 'floor', 8.0000, U&'\5c42', TIMESTAMP '2026-07-19 15:50:00', TIMESTAMP '2026-07-20 12:24:04.861771');
INSERT INTO "PUBLIC"."telemetry"("id", "message_id", "device_id", "metric_code", "metric_value", "unit", "collected_at", "created_at") VALUES(119, 'DEMO-LARGE-EL-04', 3, 'doorStatus', 0.0000, 'code', TIMESTAMP '2026-07-19 15:50:00', TIMESTAMP '2026-07-20 12:24:04.862775');
INSERT INTO "PUBLIC"."telemetry"("id", "message_id", "device_id", "metric_code", "metric_value", "unit", "collected_at", "created_at") VALUES(120, 'DEMO-LARGE-EL-04', 3, 'load', 930.0000, 'kg', TIMESTAMP '2026-07-19 15:50:00', TIMESTAMP '2026-07-20 12:24:04.863775');
INSERT INTO "PUBLIC"."telemetry"("id", "message_id", "device_id", "metric_code", "metric_value", "unit", "collected_at", "created_at") VALUES(121, 'DEMO-LARGE-EL-04', 3, 'speed', 1.3000, 'm/s', TIMESTAMP '2026-07-19 15:50:00', TIMESTAMP '2026-07-20 12:24:04.864632');
INSERT INTO "PUBLIC"."telemetry"("id", "message_id", "device_id", "metric_code", "metric_value", "unit", "collected_at", "created_at") VALUES(122, 'DEMO-LARGE-EL-04', 3, 'limitStatus', 0.0000, 'code', TIMESTAMP '2026-07-19 15:50:00', TIMESTAMP '2026-07-20 12:24:04.865137');
INSERT INTO "PUBLIC"."telemetry"("id", "message_id", "device_id", "metric_code", "metric_value", "unit", "collected_at", "created_at") VALUES(123, 'DEMO-LARGE-EL-05', 3, 'direction', 2.0000, 'code', TIMESTAMP '2026-07-19 16:00:00', TIMESTAMP '2026-07-20 12:24:04.866302');
INSERT INTO "PUBLIC"."telemetry"("id", "message_id", "device_id", "metric_code", "metric_value", "unit", "collected_at", "created_at") VALUES(124, 'DEMO-LARGE-EL-05', 3, 'floor', 10.0000, U&'\5c42', TIMESTAMP '2026-07-19 16:00:00', TIMESTAMP '2026-07-20 12:24:04.867806');
INSERT INTO "PUBLIC"."telemetry"("id", "message_id", "device_id", "metric_code", "metric_value", "unit", "collected_at", "created_at") VALUES(125, 'DEMO-LARGE-EL-05', 3, 'doorStatus', 0.0000, 'code', TIMESTAMP '2026-07-19 16:00:00', TIMESTAMP '2026-07-20 12:24:04.867806');
INSERT INTO "PUBLIC"."telemetry"("id", "message_id", "device_id", "metric_code", "metric_value", "unit", "collected_at", "created_at") VALUES(126, 'DEMO-LARGE-EL-05', 3, 'load', 1040.0000, 'kg', TIMESTAMP '2026-07-19 16:00:00', TIMESTAMP '2026-07-20 12:24:04.86881');
INSERT INTO "PUBLIC"."telemetry"("id", "message_id", "device_id", "metric_code", "metric_value", "unit", "collected_at", "created_at") VALUES(127, 'DEMO-LARGE-EL-05', 3, 'speed', 1.5000, 'm/s', TIMESTAMP '2026-07-19 16:00:00', TIMESTAMP '2026-07-20 12:24:04.86981');
INSERT INTO "PUBLIC"."telemetry"("id", "message_id", "device_id", "metric_code", "metric_value", "unit", "collected_at", "created_at") VALUES(128, 'DEMO-LARGE-EL-05', 3, 'limitStatus', 0.0000, 'code', TIMESTAMP '2026-07-19 16:00:00', TIMESTAMP '2026-07-20 12:24:04.87081');
INSERT INTO "PUBLIC"."telemetry"("id", "message_id", "device_id", "metric_code", "metric_value", "unit", "collected_at", "created_at") VALUES(129, 'DEMO-LARGE-EL-06', 3, 'direction', 1.0000, 'code', TIMESTAMP '2026-07-19 16:10:00', TIMESTAMP '2026-07-20 12:24:04.871809');
INSERT INTO "PUBLIC"."telemetry"("id", "message_id", "device_id", "metric_code", "metric_value", "unit", "collected_at", "created_at") VALUES(130, 'DEMO-LARGE-EL-06', 3, 'floor', 12.0000, U&'\5c42', TIMESTAMP '2026-07-19 16:10:00', TIMESTAMP '2026-07-20 12:24:04.872821');
INSERT INTO "PUBLIC"."telemetry"("id", "message_id", "device_id", "metric_code", "metric_value", "unit", "collected_at", "created_at") VALUES(131, 'DEMO-LARGE-EL-06', 3, 'doorStatus', 1.0000, 'code', TIMESTAMP '2026-07-19 16:10:00', TIMESTAMP '2026-07-20 12:24:04.872821');
INSERT INTO "PUBLIC"."telemetry"("id", "message_id", "device_id", "metric_code", "metric_value", "unit", "collected_at", "created_at") VALUES(132, 'DEMO-LARGE-EL-06', 3, 'load', 1180.0000, 'kg', TIMESTAMP '2026-07-19 16:10:00', TIMESTAMP '2026-07-20 12:24:04.873822');
INSERT INTO "PUBLIC"."telemetry"("id", "message_id", "device_id", "metric_code", "metric_value", "unit", "collected_at", "created_at") VALUES(133, 'DEMO-LARGE-EL-06', 3, 'speed', 1.2000, 'm/s', TIMESTAMP '2026-07-19 16:10:00', TIMESTAMP '2026-07-20 12:24:04.874821');
INSERT INTO "PUBLIC"."telemetry"("id", "message_id", "device_id", "metric_code", "metric_value", "unit", "collected_at", "created_at") VALUES(134, 'DEMO-LARGE-EL-06', 3, 'limitStatus', 0.0000, 'code', TIMESTAMP '2026-07-19 16:10:00', TIMESTAMP '2026-07-20 12:24:04.875821');
INSERT INTO "PUBLIC"."telemetry"("id", "message_id", "device_id", "metric_code", "metric_value", "unit", "collected_at", "created_at") VALUES(135, 'DEMO-LARGE-EL-07', 3, 'direction', 3.0000, 'code', TIMESTAMP '2026-07-19 16:20:00', TIMESTAMP '2026-07-20 12:24:04.875821');
INSERT INTO "PUBLIC"."telemetry"("id", "message_id", "device_id", "metric_code", "metric_value", "unit", "collected_at", "created_at") VALUES(136, 'DEMO-LARGE-EL-07', 3, 'floor', 9.0000, U&'\5c42', TIMESTAMP '2026-07-19 16:20:00', TIMESTAMP '2026-07-20 12:24:04.876885');
INSERT INTO "PUBLIC"."telemetry"("id", "message_id", "device_id", "metric_code", "metric_value", "unit", "collected_at", "created_at") VALUES(137, 'DEMO-LARGE-EL-07', 3, 'doorStatus', 0.0000, 'code', TIMESTAMP '2026-07-19 16:20:00', TIMESTAMP '2026-07-20 12:24:04.876885');
INSERT INTO "PUBLIC"."telemetry"("id", "message_id", "device_id", "metric_code", "metric_value", "unit", "collected_at", "created_at") VALUES(138, 'DEMO-LARGE-EL-07', 3, 'load', 1260.0000, 'kg', TIMESTAMP '2026-07-19 16:20:00', TIMESTAMP '2026-07-20 12:24:04.877885');
INSERT INTO "PUBLIC"."telemetry"("id", "message_id", "device_id", "metric_code", "metric_value", "unit", "collected_at", "created_at") VALUES(139, 'DEMO-LARGE-EL-07', 3, 'speed', 0.9000, 'm/s', TIMESTAMP '2026-07-19 16:20:00', TIMESTAMP '2026-07-20 12:24:04.877885');
INSERT INTO "PUBLIC"."telemetry"("id", "message_id", "device_id", "metric_code", "metric_value", "unit", "collected_at", "created_at") VALUES(140, 'DEMO-LARGE-EL-07', 3, 'limitStatus', 0.0000, 'code', TIMESTAMP '2026-07-19 16:20:00', TIMESTAMP '2026-07-20 12:24:04.878905');
INSERT INTO "PUBLIC"."telemetry"("id", "message_id", "device_id", "metric_code", "metric_value", "unit", "collected_at", "created_at") VALUES(141, 'DEMO-LARGE-EL-08', 3, 'direction', 3.0000, 'code', TIMESTAMP '2026-07-19 16:30:00', TIMESTAMP '2026-07-20 12:24:04.879905');
INSERT INTO "PUBLIC"."telemetry"("id", "message_id", "device_id", "metric_code", "metric_value", "unit", "collected_at", "created_at") VALUES(142, 'DEMO-LARGE-EL-08', 3, 'floor', 6.0000, U&'\5c42', TIMESTAMP '2026-07-19 16:30:00', TIMESTAMP '2026-07-20 12:24:04.879905');
INSERT INTO "PUBLIC"."telemetry"("id", "message_id", "device_id", "metric_code", "metric_value", "unit", "collected_at", "created_at") VALUES(143, 'DEMO-LARGE-EL-08', 3, 'doorStatus', 1.0000, 'code', TIMESTAMP '2026-07-19 16:30:00', TIMESTAMP '2026-07-20 12:24:04.88053');
INSERT INTO "PUBLIC"."telemetry"("id", "message_id", "device_id", "metric_code", "metric_value", "unit", "collected_at", "created_at") VALUES(144, 'DEMO-LARGE-EL-08', 3, 'load', 1120.0000, 'kg', TIMESTAMP '2026-07-19 16:30:00', TIMESTAMP '2026-07-20 12:24:04.88053');
INSERT INTO "PUBLIC"."telemetry"("id", "message_id", "device_id", "metric_code", "metric_value", "unit", "collected_at", "created_at") VALUES(145, 'DEMO-LARGE-EL-08', 3, 'speed', 0.4000, 'm/s', TIMESTAMP '2026-07-19 16:30:00', TIMESTAMP '2026-07-20 12:24:04.881532');
INSERT INTO "PUBLIC"."telemetry"("id", "message_id", "device_id", "metric_code", "metric_value", "unit", "collected_at", "created_at") VALUES(146, 'DEMO-LARGE-EL-08', 3, 'limitStatus', 0.0000, 'code', TIMESTAMP '2026-07-19 16:30:00', TIMESTAMP '2026-07-20 12:24:04.881532');
INSERT INTO "PUBLIC"."telemetry"("id", "message_id", "device_id", "metric_code", "metric_value", "unit", "collected_at", "created_at") VALUES(147, 'DEMO-LARGE-FM-01', 4, 'yAngle', -0.0500, U&'\00b0', TIMESTAMP '2026-07-19 15:20:00', TIMESTAMP '2026-07-20 12:24:04.882532');
INSERT INTO "PUBLIC"."telemetry"("id", "message_id", "device_id", "metric_code", "metric_value", "unit", "collected_at", "created_at") VALUES(148, 'DEMO-LARGE-FM-01', 4, 'xAngle', 0.0800, U&'\00b0', TIMESTAMP '2026-07-19 15:20:00', TIMESTAMP '2026-07-20 12:24:04.883532');
INSERT INTO "PUBLIC"."telemetry"("id", "message_id", "device_id", "metric_code", "metric_value", "unit", "collected_at", "created_at") VALUES(149, 'DEMO-LARGE-FM-01', 4, 'settlement', 0.4000, 'mm', TIMESTAMP '2026-07-19 15:20:00', TIMESTAMP '2026-07-20 12:24:04.883532');
INSERT INTO "PUBLIC"."telemetry"("id", "message_id", "device_id", "metric_code", "metric_value", "unit", "collected_at", "created_at") VALUES(150, 'DEMO-LARGE-FM-01', 4, 'axialForce', 118.0000, 'kN', TIMESTAMP '2026-07-19 15:20:00', TIMESTAMP '2026-07-20 12:24:04.884532');
INSERT INTO "PUBLIC"."telemetry"("id", "message_id", "device_id", "metric_code", "metric_value", "unit", "collected_at", "created_at") VALUES(151, 'DEMO-LARGE-FM-01', 4, 'displacement', 0.8000, 'mm', TIMESTAMP '2026-07-19 15:20:00', TIMESTAMP '2026-07-20 12:24:04.884532');
INSERT INTO "PUBLIC"."telemetry"("id", "message_id", "device_id", "metric_code", "metric_value", "unit", "collected_at", "created_at") VALUES(152, 'DEMO-LARGE-FM-01', 4, 'pressure', 22.0000, 'kPa', TIMESTAMP '2026-07-19 15:20:00', TIMESTAMP '2026-07-20 12:24:04.885533');
INSERT INTO "PUBLIC"."telemetry"("id", "message_id", "device_id", "metric_code", "metric_value", "unit", "collected_at", "created_at") VALUES(153, 'DEMO-LARGE-FM-02', 4, 'yAngle', -0.0400, U&'\00b0', TIMESTAMP '2026-07-19 15:30:00', TIMESTAMP '2026-07-20 12:24:04.885533');
INSERT INTO "PUBLIC"."telemetry"("id", "message_id", "device_id", "metric_code", "metric_value", "unit", "collected_at", "created_at") VALUES(154, 'DEMO-LARGE-FM-02', 4, 'xAngle', 0.0900, U&'\00b0', TIMESTAMP '2026-07-19 15:30:00', TIMESTAMP '2026-07-20 12:24:04.886532');
INSERT INTO "PUBLIC"."telemetry"("id", "message_id", "device_id", "metric_code", "metric_value", "unit", "collected_at", "created_at") VALUES(155, 'DEMO-LARGE-FM-02', 4, 'settlement', 0.5000, 'mm', TIMESTAMP '2026-07-19 15:30:00', TIMESTAMP '2026-07-20 12:24:04.886532');
INSERT INTO "PUBLIC"."telemetry"("id", "message_id", "device_id", "metric_code", "metric_value", "unit", "collected_at", "created_at") VALUES(156, 'DEMO-LARGE-FM-02', 4, 'axialForce', 121.0000, 'kN', TIMESTAMP '2026-07-19 15:30:00', TIMESTAMP '2026-07-20 12:24:04.886532');
INSERT INTO "PUBLIC"."telemetry"("id", "message_id", "device_id", "metric_code", "metric_value", "unit", "collected_at", "created_at") VALUES(157, 'DEMO-LARGE-FM-02', 4, 'displacement', 0.9000, 'mm', TIMESTAMP '2026-07-19 15:30:00', TIMESTAMP '2026-07-20 12:24:04.888083');
INSERT INTO "PUBLIC"."telemetry"("id", "message_id", "device_id", "metric_code", "metric_value", "unit", "collected_at", "created_at") VALUES(158, 'DEMO-LARGE-FM-02', 4, 'pressure', 23.0000, 'kPa', TIMESTAMP '2026-07-19 15:30:00', TIMESTAMP '2026-07-20 12:24:04.889086');
INSERT INTO "PUBLIC"."telemetry"("id", "message_id", "device_id", "metric_code", "metric_value", "unit", "collected_at", "created_at") VALUES(159, 'DEMO-LARGE-FM-03', 4, 'yAngle', -0.0500, U&'\00b0', TIMESTAMP '2026-07-19 15:40:00', TIMESTAMP '2026-07-20 12:24:04.890086');
INSERT INTO "PUBLIC"."telemetry"("id", "message_id", "device_id", "metric_code", "metric_value", "unit", "collected_at", "created_at") VALUES(160, 'DEMO-LARGE-FM-03', 4, 'xAngle', 0.0800, U&'\00b0', TIMESTAMP '2026-07-19 15:40:00', TIMESTAMP '2026-07-20 12:24:04.890588');
INSERT INTO "PUBLIC"."telemetry"("id", "message_id", "device_id", "metric_code", "metric_value", "unit", "collected_at", "created_at") VALUES(161, 'DEMO-LARGE-FM-03', 4, 'settlement', 0.5000, 'mm', TIMESTAMP '2026-07-19 15:40:00', TIMESTAMP '2026-07-20 12:24:04.890588');
INSERT INTO "PUBLIC"."telemetry"("id", "message_id", "device_id", "metric_code", "metric_value", "unit", "collected_at", "created_at") VALUES(162, 'DEMO-LARGE-FM-03', 4, 'axialForce', 125.0000, 'kN', TIMESTAMP '2026-07-19 15:40:00', TIMESTAMP '2026-07-20 12:24:04.891591');
INSERT INTO "PUBLIC"."telemetry"("id", "message_id", "device_id", "metric_code", "metric_value", "unit", "collected_at", "created_at") VALUES(163, 'DEMO-LARGE-FM-03', 4, 'displacement', 0.9000, 'mm', TIMESTAMP '2026-07-19 15:40:00', TIMESTAMP '2026-07-20 12:24:04.891591');
INSERT INTO "PUBLIC"."telemetry"("id", "message_id", "device_id", "metric_code", "metric_value", "unit", "collected_at", "created_at") VALUES(164, 'DEMO-LARGE-FM-03', 4, 'pressure', 23.0000, 'kPa', TIMESTAMP '2026-07-19 15:40:00', TIMESTAMP '2026-07-20 12:24:04.892591');
INSERT INTO "PUBLIC"."telemetry"("id", "message_id", "device_id", "metric_code", "metric_value", "unit", "collected_at", "created_at") VALUES(165, 'DEMO-LARGE-FM-04', 4, 'yAngle', -0.0300, U&'\00b0', TIMESTAMP '2026-07-19 15:50:00', TIMESTAMP '2026-07-20 12:24:04.892591');
INSERT INTO "PUBLIC"."telemetry"("id", "message_id", "device_id", "metric_code", "metric_value", "unit", "collected_at", "created_at") VALUES(166, 'DEMO-LARGE-FM-04', 4, 'xAngle', 0.1000, U&'\00b0', TIMESTAMP '2026-07-19 15:50:00', TIMESTAMP '2026-07-20 12:24:04.893591');
INSERT INTO "PUBLIC"."telemetry"("id", "message_id", "device_id", "metric_code", "metric_value", "unit", "collected_at", "created_at") VALUES(167, 'DEMO-LARGE-FM-04', 4, 'settlement', 0.6000, 'mm', TIMESTAMP '2026-07-19 15:50:00', TIMESTAMP '2026-07-20 12:24:04.893591');
INSERT INTO "PUBLIC"."telemetry"("id", "message_id", "device_id", "metric_code", "metric_value", "unit", "collected_at", "created_at") VALUES(168, 'DEMO-LARGE-FM-04', 4, 'axialForce', 129.0000, 'kN', TIMESTAMP '2026-07-19 15:50:00', TIMESTAMP '2026-07-20 12:24:04.893591');
INSERT INTO "PUBLIC"."telemetry"("id", "message_id", "device_id", "metric_code", "metric_value", "unit", "collected_at", "created_at") VALUES(169, 'DEMO-LARGE-FM-04', 4, 'displacement', 1.0000, 'mm', TIMESTAMP '2026-07-19 15:50:00', TIMESTAMP '2026-07-20 12:24:04.894591');
INSERT INTO "PUBLIC"."telemetry"("id", "message_id", "device_id", "metric_code", "metric_value", "unit", "collected_at", "created_at") VALUES(170, 'DEMO-LARGE-FM-04', 4, 'pressure', 24.0000, 'kPa', TIMESTAMP '2026-07-19 15:50:00', TIMESTAMP '2026-07-20 12:24:04.894591');
INSERT INTO "PUBLIC"."telemetry"("id", "message_id", "device_id", "metric_code", "metric_value", "unit", "collected_at", "created_at") VALUES(171, 'DEMO-LARGE-FM-05', 4, 'yAngle', -0.0200, U&'\00b0', TIMESTAMP '2026-07-19 16:00:00', TIMESTAMP '2026-07-20 12:24:04.895591');
INSERT INTO "PUBLIC"."telemetry"("id", "message_id", "device_id", "metric_code", "metric_value", "unit", "collected_at", "created_at") VALUES(172, 'DEMO-LARGE-FM-05', 4, 'xAngle', 0.1100, U&'\00b0', TIMESTAMP '2026-07-19 16:00:00', TIMESTAMP '2026-07-20 12:24:04.895591');
INSERT INTO "PUBLIC"."telemetry"("id", "message_id", "device_id", "metric_code", "metric_value", "unit", "collected_at", "created_at") VALUES(173, 'DEMO-LARGE-FM-05', 4, 'settlement', 0.7000, 'mm', TIMESTAMP '2026-07-19 16:00:00', TIMESTAMP '2026-07-20 12:24:04.896592');
INSERT INTO "PUBLIC"."telemetry"("id", "message_id", "device_id", "metric_code", "metric_value", "unit", "collected_at", "created_at") VALUES(174, 'DEMO-LARGE-FM-05', 4, 'axialForce', 132.0000, 'kN', TIMESTAMP '2026-07-19 16:00:00', TIMESTAMP '2026-07-20 12:24:04.896592');
INSERT INTO "PUBLIC"."telemetry"("id", "message_id", "device_id", "metric_code", "metric_value", "unit", "collected_at", "created_at") VALUES(175, 'DEMO-LARGE-FM-05', 4, 'displacement', 1.1000, 'mm', TIMESTAMP '2026-07-19 16:00:00', TIMESTAMP '2026-07-20 12:24:04.896592');
INSERT INTO "PUBLIC"."telemetry"("id", "message_id", "device_id", "metric_code", "metric_value", "unit", "collected_at", "created_at") VALUES(176, 'DEMO-LARGE-FM-05', 4, 'pressure', 25.0000, 'kPa', TIMESTAMP '2026-07-19 16:00:00', TIMESTAMP '2026-07-20 12:24:04.896592');
INSERT INTO "PUBLIC"."telemetry"("id", "message_id", "device_id", "metric_code", "metric_value", "unit", "collected_at", "created_at") VALUES(177, 'DEMO-LARGE-FM-06', 4, 'yAngle', -0.0300, U&'\00b0', TIMESTAMP '2026-07-19 16:10:00', TIMESTAMP '2026-07-20 12:24:04.897591');
INSERT INTO "PUBLIC"."telemetry"("id", "message_id", "device_id", "metric_code", "metric_value", "unit", "collected_at", "created_at") VALUES(178, 'DEMO-LARGE-FM-06', 4, 'xAngle', 0.1000, U&'\00b0', TIMESTAMP '2026-07-19 16:10:00', TIMESTAMP '2026-07-20 12:24:04.898094');
INSERT INTO "PUBLIC"."telemetry"("id", "message_id", "device_id", "metric_code", "metric_value", "unit", "collected_at", "created_at") VALUES(179, 'DEMO-LARGE-FM-06', 4, 'settlement', 0.7000, 'mm', TIMESTAMP '2026-07-19 16:10:00', TIMESTAMP '2026-07-20 12:24:04.898094');
INSERT INTO "PUBLIC"."telemetry"("id", "message_id", "device_id", "metric_code", "metric_value", "unit", "collected_at", "created_at") VALUES(180, 'DEMO-LARGE-FM-06', 4, 'axialForce', 130.0000, 'kN', TIMESTAMP '2026-07-19 16:10:00', TIMESTAMP '2026-07-20 12:24:04.898094');
INSERT INTO "PUBLIC"."telemetry"("id", "message_id", "device_id", "metric_code", "metric_value", "unit", "collected_at", "created_at") VALUES(181, 'DEMO-LARGE-FM-06', 4, 'displacement', 1.0000, 'mm', TIMESTAMP '2026-07-19 16:10:00', TIMESTAMP '2026-07-20 12:24:04.898094');
INSERT INTO "PUBLIC"."telemetry"("id", "message_id", "device_id", "metric_code", "metric_value", "unit", "collected_at", "created_at") VALUES(182, 'DEMO-LARGE-FM-06', 4, 'pressure', 25.0000, 'kPa', TIMESTAMP '2026-07-19 16:10:00', TIMESTAMP '2026-07-20 12:24:04.899098');
INSERT INTO "PUBLIC"."telemetry"("id", "message_id", "device_id", "metric_code", "metric_value", "unit", "collected_at", "created_at") VALUES(183, 'DEMO-LARGE-FM-07', 4, 'yAngle', -0.0100, U&'\00b0', TIMESTAMP '2026-07-19 16:20:00', TIMESTAMP '2026-07-20 12:24:04.899098');
INSERT INTO "PUBLIC"."telemetry"("id", "message_id", "device_id", "metric_code", "metric_value", "unit", "collected_at", "created_at") VALUES(184, 'DEMO-LARGE-FM-07', 4, 'xAngle', 0.1200, U&'\00b0', TIMESTAMP '2026-07-19 16:20:00', TIMESTAMP '2026-07-20 12:24:04.899098');
INSERT INTO "PUBLIC"."telemetry"("id", "message_id", "device_id", "metric_code", "metric_value", "unit", "collected_at", "created_at") VALUES(185, 'DEMO-LARGE-FM-07', 4, 'settlement', 0.8000, 'mm', TIMESTAMP '2026-07-19 16:20:00', TIMESTAMP '2026-07-20 12:24:04.900101');
INSERT INTO "PUBLIC"."telemetry"("id", "message_id", "device_id", "metric_code", "metric_value", "unit", "collected_at", "created_at") VALUES(186, 'DEMO-LARGE-FM-07', 4, 'axialForce', 134.0000, 'kN', TIMESTAMP '2026-07-19 16:20:00', TIMESTAMP '2026-07-20 12:24:04.900101');
INSERT INTO "PUBLIC"."telemetry"("id", "message_id", "device_id", "metric_code", "metric_value", "unit", "collected_at", "created_at") VALUES(187, 'DEMO-LARGE-FM-07', 4, 'displacement', 1.2000, 'mm', TIMESTAMP '2026-07-19 16:20:00', TIMESTAMP '2026-07-20 12:24:04.901101');
INSERT INTO "PUBLIC"."telemetry"("id", "message_id", "device_id", "metric_code", "metric_value", "unit", "collected_at", "created_at") VALUES(188, 'DEMO-LARGE-FM-07', 4, 'pressure', 26.0000, 'kPa', TIMESTAMP '2026-07-19 16:20:00', TIMESTAMP '2026-07-20 12:24:04.901101');
INSERT INTO "PUBLIC"."telemetry"("id", "message_id", "device_id", "metric_code", "metric_value", "unit", "collected_at", "created_at") VALUES(189, 'DEMO-LARGE-FM-08', 4, 'yAngle', -0.0200, U&'\00b0', TIMESTAMP '2026-07-19 16:30:00', TIMESTAMP '2026-07-20 12:24:04.9021');
INSERT INTO "PUBLIC"."telemetry"("id", "message_id", "device_id", "metric_code", "metric_value", "unit", "collected_at", "created_at") VALUES(190, 'DEMO-LARGE-FM-08', 4, 'xAngle', 0.1100, U&'\00b0', TIMESTAMP '2026-07-19 16:30:00', TIMESTAMP '2026-07-20 12:24:04.9021');
INSERT INTO "PUBLIC"."telemetry"("id", "message_id", "device_id", "metric_code", "metric_value", "unit", "collected_at", "created_at") VALUES(191, 'DEMO-LARGE-FM-08', 4, 'settlement', 0.9000, 'mm', TIMESTAMP '2026-07-19 16:30:00', TIMESTAMP '2026-07-20 12:24:04.9021');
INSERT INTO "PUBLIC"."telemetry"("id", "message_id", "device_id", "metric_code", "metric_value", "unit", "collected_at", "created_at") VALUES(192, 'DEMO-LARGE-FM-08', 4, 'axialForce', 136.0000, 'kN', TIMESTAMP '2026-07-19 16:30:00', TIMESTAMP '2026-07-20 12:24:04.9031');
INSERT INTO "PUBLIC"."telemetry"("id", "message_id", "device_id", "metric_code", "metric_value", "unit", "collected_at", "created_at") VALUES(193, 'DEMO-LARGE-FM-08', 4, 'displacement', 1.2000, 'mm', TIMESTAMP '2026-07-19 16:30:00', TIMESTAMP '2026-07-20 12:24:04.9031');
INSERT INTO "PUBLIC"."telemetry"("id", "message_id", "device_id", "metric_code", "metric_value", "unit", "collected_at", "created_at") VALUES(194, 'DEMO-LARGE-FM-08', 4, 'pressure', 27.0000, 'kPa', TIMESTAMP '2026-07-19 16:30:00', TIMESTAMP '2026-07-20 12:24:04.9031');
INSERT INTO "PUBLIC"."telemetry"("id", "message_id", "device_id", "metric_code", "metric_value", "unit", "collected_at", "created_at") VALUES(195, 'DEMO-LARGE-PIT-01', 5, 'settlementRate', 0.1800, 'mm/h', TIMESTAMP '2026-07-19 15:20:00', TIMESTAMP '2026-07-20 12:24:04.904101');
INSERT INTO "PUBLIC"."telemetry"("id", "message_id", "device_id", "metric_code", "metric_value", "unit", "collected_at", "created_at") VALUES(196, 'DEMO-LARGE-PIT-01', 5, 'axialForce', 240.0000, 'kN', TIMESTAMP '2026-07-19 15:20:00', TIMESTAMP '2026-07-20 12:24:04.904101');
INSERT INTO "PUBLIC"."telemetry"("id", "message_id", "device_id", "metric_code", "metric_value", "unit", "collected_at", "created_at") VALUES(197, 'DEMO-LARGE-PIT-01', 5, 'xAngle', 0.1000, U&'\00b0', TIMESTAMP '2026-07-19 15:20:00', TIMESTAMP '2026-07-20 12:24:04.904101');
INSERT INTO "PUBLIC"."telemetry"("id", "message_id", "device_id", "metric_code", "metric_value", "unit", "collected_at", "created_at") VALUES(198, 'DEMO-LARGE-PIT-01', 5, 'horizontalDisplacement', 4.2000, 'mm', TIMESTAMP '2026-07-19 15:20:00', TIMESTAMP '2026-07-20 12:24:04.905101');
INSERT INTO "PUBLIC"."telemetry"("id", "message_id", "device_id", "metric_code", "metric_value", "unit", "collected_at", "created_at") VALUES(199, 'DEMO-LARGE-PIT-01', 5, 'waterLevel', -3.2000, 'm', TIMESTAMP '2026-07-19 15:20:00', TIMESTAMP '2026-07-20 12:24:04.905101');
INSERT INTO "PUBLIC"."telemetry"("id", "message_id", "device_id", "metric_code", "metric_value", "unit", "collected_at", "created_at") VALUES(200, 'DEMO-LARGE-PIT-01', 5, 'earthPressure', 48.0000, 'kPa', TIMESTAMP '2026-07-19 15:20:00', TIMESTAMP '2026-07-20 12:24:04.905101');
INSERT INTO "PUBLIC"."telemetry"("id", "message_id", "device_id", "metric_code", "metric_value", "unit", "collected_at", "created_at") VALUES(201, 'DEMO-LARGE-PIT-01', 5, 'strain', 115.0000, U&'\03bc\03b5', TIMESTAMP '2026-07-19 15:20:00', TIMESTAMP '2026-07-20 12:24:04.906101');
INSERT INTO "PUBLIC"."telemetry"("id", "message_id", "device_id", "metric_code", "metric_value", "unit", "collected_at", "created_at") VALUES(202, 'DEMO-LARGE-PIT-01', 5, 'yAngle', 0.0400, U&'\00b0', TIMESTAMP '2026-07-19 15:20:00', TIMESTAMP '2026-07-20 12:24:04.906101');
INSERT INTO "PUBLIC"."telemetry"("id", "message_id", "device_id", "metric_code", "metric_value", "unit", "collected_at", "created_at") VALUES(203, 'DEMO-LARGE-PIT-01', 5, 'settlement', 2.1000, 'mm', TIMESTAMP '2026-07-19 15:20:00', TIMESTAMP '2026-07-20 12:24:04.906101');
INSERT INTO "PUBLIC"."telemetry"("id", "message_id", "device_id", "metric_code", "metric_value", "unit", "collected_at", "created_at") VALUES(204, 'DEMO-LARGE-PIT-02', 5, 'settlementRate', 0.2000, 'mm/h', TIMESTAMP '2026-07-19 15:30:00', TIMESTAMP '2026-07-20 12:24:04.907607');
INSERT INTO "PUBLIC"."telemetry"("id", "message_id", "device_id", "metric_code", "metric_value", "unit", "collected_at", "created_at") VALUES(205, 'DEMO-LARGE-PIT-02', 5, 'axialForce', 244.0000, 'kN', TIMESTAMP '2026-07-19 15:30:00', TIMESTAMP '2026-07-20 12:24:04.908673');
INSERT INTO "PUBLIC"."telemetry"("id", "message_id", "device_id", "metric_code", "metric_value", "unit", "collected_at", "created_at") VALUES(206, 'DEMO-LARGE-PIT-02', 5, 'xAngle', 0.1100, U&'\00b0', TIMESTAMP '2026-07-19 15:30:00', TIMESTAMP '2026-07-20 12:24:04.908673');
INSERT INTO "PUBLIC"."telemetry"("id", "message_id", "device_id", "metric_code", "metric_value", "unit", "collected_at", "created_at") VALUES(207, 'DEMO-LARGE-PIT-02', 5, 'horizontalDisplacement', 4.4000, 'mm', TIMESTAMP '2026-07-19 15:30:00', TIMESTAMP '2026-07-20 12:24:04.908673');
INSERT INTO "PUBLIC"."telemetry"("id", "message_id", "device_id", "metric_code", "metric_value", "unit", "collected_at", "created_at") VALUES(208, 'DEMO-LARGE-PIT-02', 5, 'waterLevel', -3.1000, 'm', TIMESTAMP '2026-07-19 15:30:00', TIMESTAMP '2026-07-20 12:24:04.909672');
INSERT INTO "PUBLIC"."telemetry"("id", "message_id", "device_id", "metric_code", "metric_value", "unit", "collected_at", "created_at") VALUES(209, 'DEMO-LARGE-PIT-02', 5, 'earthPressure', 49.0000, 'kPa', TIMESTAMP '2026-07-19 15:30:00', TIMESTAMP '2026-07-20 12:24:04.909672');
INSERT INTO "PUBLIC"."telemetry"("id", "message_id", "device_id", "metric_code", "metric_value", "unit", "collected_at", "created_at") VALUES(210, 'DEMO-LARGE-PIT-02', 5, 'strain', 118.0000, U&'\03bc\03b5', TIMESTAMP '2026-07-19 15:30:00', TIMESTAMP '2026-07-20 12:24:04.909672');
INSERT INTO "PUBLIC"."telemetry"("id", "message_id", "device_id", "metric_code", "metric_value", "unit", "collected_at", "created_at") VALUES(211, 'DEMO-LARGE-PIT-02', 5, 'yAngle', 0.0400, U&'\00b0', TIMESTAMP '2026-07-19 15:30:00', TIMESTAMP '2026-07-20 12:24:04.910672');
INSERT INTO "PUBLIC"."telemetry"("id", "message_id", "device_id", "metric_code", "metric_value", "unit", "collected_at", "created_at") VALUES(212, 'DEMO-LARGE-PIT-02', 5, 'settlement', 2.2000, 'mm', TIMESTAMP '2026-07-19 15:30:00', TIMESTAMP '2026-07-20 12:24:04.910672');
INSERT INTO "PUBLIC"."telemetry"("id", "message_id", "device_id", "metric_code", "metric_value", "unit", "collected_at", "created_at") VALUES(213, 'DEMO-LARGE-PIT-03', 5, 'settlementRate', 0.1900, 'mm/h', TIMESTAMP '2026-07-19 15:40:00', TIMESTAMP '2026-07-20 12:24:04.910672');
INSERT INTO "PUBLIC"."telemetry"("id", "message_id", "device_id", "metric_code", "metric_value", "unit", "collected_at", "created_at") VALUES(214, 'DEMO-LARGE-PIT-03', 5, 'axialForce', 247.0000, 'kN', TIMESTAMP '2026-07-19 15:40:00', TIMESTAMP '2026-07-20 12:24:04.911672');
INSERT INTO "PUBLIC"."telemetry"("id", "message_id", "device_id", "metric_code", "metric_value", "unit", "collected_at", "created_at") VALUES(215, 'DEMO-LARGE-PIT-03', 5, 'xAngle', 0.1200, U&'\00b0', TIMESTAMP '2026-07-19 15:40:00', TIMESTAMP '2026-07-20 12:24:04.911672');
INSERT INTO "PUBLIC"."telemetry"("id", "message_id", "device_id", "metric_code", "metric_value", "unit", "collected_at", "created_at") VALUES(216, 'DEMO-LARGE-PIT-03', 5, 'horizontalDisplacement', 4.5000, 'mm', TIMESTAMP '2026-07-19 15:40:00', TIMESTAMP '2026-07-20 12:24:04.911672');
INSERT INTO "PUBLIC"."telemetry"("id", "message_id", "device_id", "metric_code", "metric_value", "unit", "collected_at", "created_at") VALUES(217, 'DEMO-LARGE-PIT-03', 5, 'waterLevel', -3.0000, 'm', TIMESTAMP '2026-07-19 15:40:00', TIMESTAMP '2026-07-20 12:24:04.912672');
INSERT INTO "PUBLIC"."telemetry"("id", "message_id", "device_id", "metric_code", "metric_value", "unit", "collected_at", "created_at") VALUES(218, 'DEMO-LARGE-PIT-03', 5, 'earthPressure', 50.0000, 'kPa', TIMESTAMP '2026-07-19 15:40:00', TIMESTAMP '2026-07-20 12:24:04.912672');
INSERT INTO "PUBLIC"."telemetry"("id", "message_id", "device_id", "metric_code", "metric_value", "unit", "collected_at", "created_at") VALUES(219, 'DEMO-LARGE-PIT-03', 5, 'strain', 121.0000, U&'\03bc\03b5', TIMESTAMP '2026-07-19 15:40:00', TIMESTAMP '2026-07-20 12:24:04.912672');
INSERT INTO "PUBLIC"."telemetry"("id", "message_id", "device_id", "metric_code", "metric_value", "unit", "collected_at", "created_at") VALUES(220, 'DEMO-LARGE-PIT-03', 5, 'yAngle', 0.0500, U&'\00b0', TIMESTAMP '2026-07-19 15:40:00', TIMESTAMP '2026-07-20 12:24:04.913672');
INSERT INTO "PUBLIC"."telemetry"("id", "message_id", "device_id", "metric_code", "metric_value", "unit", "collected_at", "created_at") VALUES(221, 'DEMO-LARGE-PIT-03', 5, 'settlement', 2.2000, 'mm', TIMESTAMP '2026-07-19 15:40:00', TIMESTAMP '2026-07-20 12:24:04.913672');
INSERT INTO "PUBLIC"."telemetry"("id", "message_id", "device_id", "metric_code", "metric_value", "unit", "collected_at", "created_at") VALUES(222, 'DEMO-LARGE-PIT-04', 5, 'settlementRate', 0.2200, 'mm/h', TIMESTAMP '2026-07-19 15:50:00', TIMESTAMP '2026-07-20 12:24:04.914671');
INSERT INTO "PUBLIC"."telemetry"("id", "message_id", "device_id", "metric_code", "metric_value", "unit", "collected_at", "created_at") VALUES(223, 'DEMO-LARGE-PIT-04', 5, 'axialForce', 252.0000, 'kN', TIMESTAMP '2026-07-19 15:50:00', TIMESTAMP '2026-07-20 12:24:04.914671');
INSERT INTO "PUBLIC"."telemetry"("id", "message_id", "device_id", "metric_code", "metric_value", "unit", "collected_at", "created_at") VALUES(224, 'DEMO-LARGE-PIT-04', 5, 'xAngle', 0.1200, U&'\00b0', TIMESTAMP '2026-07-19 15:50:00', TIMESTAMP '2026-07-20 12:24:04.915672');
INSERT INTO "PUBLIC"."telemetry"("id", "message_id", "device_id", "metric_code", "metric_value", "unit", "collected_at", "created_at") VALUES(225, 'DEMO-LARGE-PIT-04', 5, 'horizontalDisplacement', 4.7000, 'mm', TIMESTAMP '2026-07-19 15:50:00', TIMESTAMP '2026-07-20 12:24:04.915672');
INSERT INTO "PUBLIC"."telemetry"("id", "message_id", "device_id", "metric_code", "metric_value", "unit", "collected_at", "created_at") VALUES(226, 'DEMO-LARGE-PIT-04', 5, 'waterLevel', -2.9000, 'm', TIMESTAMP '2026-07-19 15:50:00', TIMESTAMP '2026-07-20 12:24:04.916672');
INSERT INTO "PUBLIC"."telemetry"("id", "message_id", "device_id", "metric_code", "metric_value", "unit", "collected_at", "created_at") VALUES(227, 'DEMO-LARGE-PIT-04', 5, 'earthPressure', 50.0000, 'kPa', TIMESTAMP '2026-07-19 15:50:00', TIMESTAMP '2026-07-20 12:24:04.916672');
INSERT INTO "PUBLIC"."telemetry"("id", "message_id", "device_id", "metric_code", "metric_value", "unit", "collected_at", "created_at") VALUES(228, 'DEMO-LARGE-PIT-04', 5, 'strain', 124.0000, U&'\03bc\03b5', TIMESTAMP '2026-07-19 15:50:00', TIMESTAMP '2026-07-20 12:24:04.917673');
INSERT INTO "PUBLIC"."telemetry"("id", "message_id", "device_id", "metric_code", "metric_value", "unit", "collected_at", "created_at") VALUES(229, 'DEMO-LARGE-PIT-04', 5, 'yAngle', 0.0500, U&'\00b0', TIMESTAMP '2026-07-19 15:50:00', TIMESTAMP '2026-07-20 12:24:04.918176');
INSERT INTO "PUBLIC"."telemetry"("id", "message_id", "device_id", "metric_code", "metric_value", "unit", "collected_at", "created_at") VALUES(230, 'DEMO-LARGE-PIT-04', 5, 'settlement', 2.4000, 'mm', TIMESTAMP '2026-07-19 15:50:00', TIMESTAMP '2026-07-20 12:24:04.918565');
INSERT INTO "PUBLIC"."telemetry"("id", "message_id", "device_id", "metric_code", "metric_value", "unit", "collected_at", "created_at") VALUES(231, 'DEMO-LARGE-PIT-05', 5, 'settlementRate', 0.2400, 'mm/h', TIMESTAMP '2026-07-19 16:00:00', TIMESTAMP '2026-07-20 12:24:04.919069');
INSERT INTO "PUBLIC"."telemetry"("id", "message_id", "device_id", "metric_code", "metric_value", "unit", "collected_at", "created_at") VALUES(232, 'DEMO-LARGE-PIT-05', 5, 'axialForce', 255.0000, 'kN', TIMESTAMP '2026-07-19 16:00:00', TIMESTAMP '2026-07-20 12:24:04.919069');
INSERT INTO "PUBLIC"."telemetry"("id", "message_id", "device_id", "metric_code", "metric_value", "unit", "collected_at", "created_at") VALUES(233, 'DEMO-LARGE-PIT-05', 5, 'xAngle', 0.1300, U&'\00b0', TIMESTAMP '2026-07-19 16:00:00', TIMESTAMP '2026-07-20 12:24:04.920073');
INSERT INTO "PUBLIC"."telemetry"("id", "message_id", "device_id", "metric_code", "metric_value", "unit", "collected_at", "created_at") VALUES(234, 'DEMO-LARGE-PIT-05', 5, 'horizontalDisplacement', 4.9000, 'mm', TIMESTAMP '2026-07-19 16:00:00', TIMESTAMP '2026-07-20 12:24:04.920073');
INSERT INTO "PUBLIC"."telemetry"("id", "message_id", "device_id", "metric_code", "metric_value", "unit", "collected_at", "created_at") VALUES(235, 'DEMO-LARGE-PIT-05', 5, 'waterLevel', -2.9000, 'm', TIMESTAMP '2026-07-19 16:00:00', TIMESTAMP '2026-07-20 12:24:04.920073');
INSERT INTO "PUBLIC"."telemetry"("id", "message_id", "device_id", "metric_code", "metric_value", "unit", "collected_at", "created_at") VALUES(236, 'DEMO-LARGE-PIT-05', 5, 'earthPressure', 51.0000, 'kPa', TIMESTAMP '2026-07-19 16:00:00', TIMESTAMP '2026-07-20 12:24:04.921072');
INSERT INTO "PUBLIC"."telemetry"("id", "message_id", "device_id", "metric_code", "metric_value", "unit", "collected_at", "created_at") VALUES(237, 'DEMO-LARGE-PIT-05', 5, 'strain', 128.0000, U&'\03bc\03b5', TIMESTAMP '2026-07-19 16:00:00', TIMESTAMP '2026-07-20 12:24:04.921072');
INSERT INTO "PUBLIC"."telemetry"("id", "message_id", "device_id", "metric_code", "metric_value", "unit", "collected_at", "created_at") VALUES(238, 'DEMO-LARGE-PIT-05', 5, 'yAngle', 0.0600, U&'\00b0', TIMESTAMP '2026-07-19 16:00:00', TIMESTAMP '2026-07-20 12:24:04.921072');
INSERT INTO "PUBLIC"."telemetry"("id", "message_id", "device_id", "metric_code", "metric_value", "unit", "collected_at", "created_at") VALUES(239, 'DEMO-LARGE-PIT-05', 5, 'settlement', 2.5000, 'mm', TIMESTAMP '2026-07-19 16:00:00', TIMESTAMP '2026-07-20 12:24:04.922072');
INSERT INTO "PUBLIC"."telemetry"("id", "message_id", "device_id", "metric_code", "metric_value", "unit", "collected_at", "created_at") VALUES(240, 'DEMO-LARGE-PIT-06', 5, 'settlementRate', 0.2300, 'mm/h', TIMESTAMP '2026-07-19 16:10:00', TIMESTAMP '2026-07-20 12:24:04.922825');
INSERT INTO "PUBLIC"."telemetry"("id", "message_id", "device_id", "metric_code", "metric_value", "unit", "collected_at", "created_at") VALUES(241, 'DEMO-LARGE-PIT-06', 5, 'axialForce', 258.0000, 'kN', TIMESTAMP '2026-07-19 16:10:00', TIMESTAMP '2026-07-20 12:24:04.922825');
INSERT INTO "PUBLIC"."telemetry"("id", "message_id", "device_id", "metric_code", "metric_value", "unit", "collected_at", "created_at") VALUES(242, 'DEMO-LARGE-PIT-06', 5, 'xAngle', 0.1400, U&'\00b0', TIMESTAMP '2026-07-19 16:10:00', TIMESTAMP '2026-07-20 12:24:04.922825');
INSERT INTO "PUBLIC"."telemetry"("id", "message_id", "device_id", "metric_code", "metric_value", "unit", "collected_at", "created_at") VALUES(243, 'DEMO-LARGE-PIT-06', 5, 'horizontalDisplacement', 5.1000, 'mm', TIMESTAMP '2026-07-19 16:10:00', TIMESTAMP '2026-07-20 12:24:04.922825');
INSERT INTO "PUBLIC"."telemetry"("id", "message_id", "device_id", "metric_code", "metric_value", "unit", "collected_at", "created_at") VALUES(244, 'DEMO-LARGE-PIT-06', 5, 'waterLevel', -2.8000, 'm', TIMESTAMP '2026-07-19 16:10:00', TIMESTAMP '2026-07-20 12:24:04.923828');
INSERT INTO "PUBLIC"."telemetry"("id", "message_id", "device_id", "metric_code", "metric_value", "unit", "collected_at", "created_at") VALUES(245, 'DEMO-LARGE-PIT-06', 5, 'earthPressure', 52.0000, 'kPa', TIMESTAMP '2026-07-19 16:10:00', TIMESTAMP '2026-07-20 12:24:04.923828');
INSERT INTO "PUBLIC"."telemetry"("id", "message_id", "device_id", "metric_code", "metric_value", "unit", "collected_at", "created_at") VALUES(246, 'DEMO-LARGE-PIT-06', 5, 'strain', 131.0000, U&'\03bc\03b5', TIMESTAMP '2026-07-19 16:10:00', TIMESTAMP '2026-07-20 12:24:04.923828');
INSERT INTO "PUBLIC"."telemetry"("id", "message_id", "device_id", "metric_code", "metric_value", "unit", "collected_at", "created_at") VALUES(247, 'DEMO-LARGE-PIT-06', 5, 'yAngle', 0.0600, U&'\00b0', TIMESTAMP '2026-07-19 16:10:00', TIMESTAMP '2026-07-20 12:24:04.923828');
INSERT INTO "PUBLIC"."telemetry"("id", "message_id", "device_id", "metric_code", "metric_value", "unit", "collected_at", "created_at") VALUES(248, 'DEMO-LARGE-PIT-06', 5, 'settlement', 2.6000, 'mm', TIMESTAMP '2026-07-19 16:10:00', TIMESTAMP '2026-07-20 12:24:04.924828');
INSERT INTO "PUBLIC"."telemetry"("id", "message_id", "device_id", "metric_code", "metric_value", "unit", "collected_at", "created_at") VALUES(249, 'DEMO-LARGE-PIT-07', 5, 'settlementRate', 0.2500, 'mm/h', TIMESTAMP '2026-07-19 16:20:00', TIMESTAMP '2026-07-20 12:24:04.924828');
INSERT INTO "PUBLIC"."telemetry"("id", "message_id", "device_id", "metric_code", "metric_value", "unit", "collected_at", "created_at") VALUES(250, 'DEMO-LARGE-PIT-07', 5, 'axialForce', 261.0000, 'kN', TIMESTAMP '2026-07-19 16:20:00', TIMESTAMP '2026-07-20 12:24:04.924828');
INSERT INTO "PUBLIC"."telemetry"("id", "message_id", "device_id", "metric_code", "metric_value", "unit", "collected_at", "created_at") VALUES(251, 'DEMO-LARGE-PIT-07', 5, 'xAngle', 0.1400, U&'\00b0', TIMESTAMP '2026-07-19 16:20:00', TIMESTAMP '2026-07-20 12:24:04.925829');
INSERT INTO "PUBLIC"."telemetry"("id", "message_id", "device_id", "metric_code", "metric_value", "unit", "collected_at", "created_at") VALUES(252, 'DEMO-LARGE-PIT-07', 5, 'horizontalDisplacement', 5.4000, 'mm', TIMESTAMP '2026-07-19 16:20:00', TIMESTAMP '2026-07-20 12:24:04.925829');
INSERT INTO "PUBLIC"."telemetry"("id", "message_id", "device_id", "metric_code", "metric_value", "unit", "collected_at", "created_at") VALUES(253, 'DEMO-LARGE-PIT-07', 5, 'waterLevel', -2.7000, 'm', TIMESTAMP '2026-07-19 16:20:00', TIMESTAMP '2026-07-20 12:24:04.925829');
INSERT INTO "PUBLIC"."telemetry"("id", "message_id", "device_id", "metric_code", "metric_value", "unit", "collected_at", "created_at") VALUES(254, 'DEMO-LARGE-PIT-07', 5, 'earthPressure', 52.0000, 'kPa', TIMESTAMP '2026-07-19 16:20:00', TIMESTAMP '2026-07-20 12:24:04.925829');
INSERT INTO "PUBLIC"."telemetry"("id", "message_id", "device_id", "metric_code", "metric_value", "unit", "collected_at", "created_at") VALUES(255, 'DEMO-LARGE-PIT-07', 5, 'strain', 135.0000, U&'\03bc\03b5', TIMESTAMP '2026-07-19 16:20:00', TIMESTAMP '2026-07-20 12:24:04.926829');
INSERT INTO "PUBLIC"."telemetry"("id", "message_id", "device_id", "metric_code", "metric_value", "unit", "collected_at", "created_at") VALUES(256, 'DEMO-LARGE-PIT-07', 5, 'yAngle', 0.0700, U&'\00b0', TIMESTAMP '2026-07-19 16:20:00', TIMESTAMP '2026-07-20 12:24:04.926829');
INSERT INTO "PUBLIC"."telemetry"("id", "message_id", "device_id", "metric_code", "metric_value", "unit", "collected_at", "created_at") VALUES(257, 'DEMO-LARGE-PIT-07', 5, 'settlement', 2.7000, 'mm', TIMESTAMP '2026-07-19 16:20:00', TIMESTAMP '2026-07-20 12:24:04.926829');
INSERT INTO "PUBLIC"."telemetry"("id", "message_id", "device_id", "metric_code", "metric_value", "unit", "collected_at", "created_at") VALUES(258, 'DEMO-LARGE-PIT-08', 5, 'settlementRate', 0.2700, 'mm/h', TIMESTAMP '2026-07-19 16:30:00', TIMESTAMP '2026-07-20 12:24:04.927828');
INSERT INTO "PUBLIC"."telemetry"("id", "message_id", "device_id", "metric_code", "metric_value", "unit", "collected_at", "created_at") VALUES(259, 'DEMO-LARGE-PIT-08', 5, 'axialForce', 264.0000, 'kN', TIMESTAMP '2026-07-19 16:30:00', TIMESTAMP '2026-07-20 12:24:04.927828');
INSERT INTO "PUBLIC"."telemetry"("id", "message_id", "device_id", "metric_code", "metric_value", "unit", "collected_at", "created_at") VALUES(260, 'DEMO-LARGE-PIT-08', 5, 'xAngle', 0.1500, U&'\00b0', TIMESTAMP '2026-07-19 16:30:00', TIMESTAMP '2026-07-20 12:24:04.928332');
INSERT INTO "PUBLIC"."telemetry"("id", "message_id", "device_id", "metric_code", "metric_value", "unit", "collected_at", "created_at") VALUES(261, 'DEMO-LARGE-PIT-08', 5, 'horizontalDisplacement', 5.6000, 'mm', TIMESTAMP '2026-07-19 16:30:00', TIMESTAMP '2026-07-20 12:24:04.928332');
INSERT INTO "PUBLIC"."telemetry"("id", "message_id", "device_id", "metric_code", "metric_value", "unit", "collected_at", "created_at") VALUES(262, 'DEMO-LARGE-PIT-08', 5, 'waterLevel', -2.6000, 'm', TIMESTAMP '2026-07-19 16:30:00', TIMESTAMP '2026-07-20 12:24:04.928332');
INSERT INTO "PUBLIC"."telemetry"("id", "message_id", "device_id", "metric_code", "metric_value", "unit", "collected_at", "created_at") VALUES(263, 'DEMO-LARGE-PIT-08', 5, 'earthPressure', 53.0000, 'kPa', TIMESTAMP '2026-07-19 16:30:00', TIMESTAMP '2026-07-20 12:24:04.928332');
INSERT INTO "PUBLIC"."telemetry"("id", "message_id", "device_id", "metric_code", "metric_value", "unit", "collected_at", "created_at") VALUES(264, 'DEMO-LARGE-PIT-08', 5, 'strain', 139.0000, U&'\03bc\03b5', TIMESTAMP '2026-07-19 16:30:00', TIMESTAMP '2026-07-20 12:24:04.929335');
INSERT INTO "PUBLIC"."telemetry"("id", "message_id", "device_id", "metric_code", "metric_value", "unit", "collected_at", "created_at") VALUES(265, 'DEMO-LARGE-PIT-08', 5, 'yAngle', 0.0700, U&'\00b0', TIMESTAMP '2026-07-19 16:30:00', TIMESTAMP '2026-07-20 12:24:04.929335');
INSERT INTO "PUBLIC"."telemetry"("id", "message_id", "device_id", "metric_code", "metric_value", "unit", "collected_at", "created_at") VALUES(266, 'DEMO-LARGE-PIT-08', 5, 'settlement', 2.8000, 'mm', TIMESTAMP '2026-07-19 16:30:00', TIMESTAMP '2026-07-20 12:24:04.929335');
INSERT INTO "PUBLIC"."telemetry"("id", "message_id", "device_id", "metric_code", "metric_value", "unit", "collected_at", "created_at") VALUES(267, 'DEMO-TOWER-TC1-01', 1, 'obliquity', 0.1800, U&'\00b0', TIMESTAMP '2026-07-19 15:35:00', TIMESTAMP '2026-07-20 12:24:04.933637');
INSERT INTO "PUBLIC"."telemetry"("id", "message_id", "device_id", "metric_code", "metric_value", "unit", "collected_at", "created_at") VALUES(268, 'DEMO-TOWER-TC1-01', 1, 'amplitude', 30.0000, 'm', TIMESTAMP '2026-07-19 15:35:00', TIMESTAMP '2026-07-20 12:24:04.933637');
INSERT INTO "PUBLIC"."telemetry"("id", "message_id", "device_id", "metric_code", "metric_value", "unit", "collected_at", "created_at") VALUES(269, 'DEMO-TOWER-TC1-01', 1, 'moment', 820.0000, U&'kN\00b7m', TIMESTAMP '2026-07-19 15:35:00', TIMESTAMP '2026-07-20 12:24:04.933637');
INSERT INTO "PUBLIC"."telemetry"("id", "message_id", "device_id", "metric_code", "metric_value", "unit", "collected_at", "created_at") VALUES(270, 'DEMO-TOWER-TC1-02', 1, 'obliquity', 0.2000, U&'\00b0', TIMESTAMP '2026-07-19 15:40:00', TIMESTAMP '2026-07-20 12:24:04.934637');
INSERT INTO "PUBLIC"."telemetry"("id", "message_id", "device_id", "metric_code", "metric_value", "unit", "collected_at", "created_at") VALUES(271, 'DEMO-TOWER-TC1-02', 1, 'amplitude', 31.0000, 'm', TIMESTAMP '2026-07-19 15:40:00', TIMESTAMP '2026-07-20 12:24:04.934637');
INSERT INTO "PUBLIC"."telemetry"("id", "message_id", "device_id", "metric_code", "metric_value", "unit", "collected_at", "created_at") VALUES(272, 'DEMO-TOWER-TC1-02', 1, 'moment', 880.0000, U&'kN\00b7m', TIMESTAMP '2026-07-19 15:40:00', TIMESTAMP '2026-07-20 12:24:04.934637');
INSERT INTO "PUBLIC"."telemetry"("id", "message_id", "device_id", "metric_code", "metric_value", "unit", "collected_at", "created_at") VALUES(273, 'DEMO-TOWER-TC1-03', 1, 'obliquity', 0.2400, U&'\00b0', TIMESTAMP '2026-07-19 15:45:00', TIMESTAMP '2026-07-20 12:24:04.934637');
INSERT INTO "PUBLIC"."telemetry"("id", "message_id", "device_id", "metric_code", "metric_value", "unit", "collected_at", "created_at") VALUES(274, 'DEMO-TOWER-TC1-03', 1, 'amplitude', 33.0000, 'm', TIMESTAMP '2026-07-19 15:45:00', TIMESTAMP '2026-07-20 12:24:04.934637');
INSERT INTO "PUBLIC"."telemetry"("id", "message_id", "device_id", "metric_code", "metric_value", "unit", "collected_at", "created_at") VALUES(275, 'DEMO-TOWER-TC1-03', 1, 'moment', 940.0000, U&'kN\00b7m', TIMESTAMP '2026-07-19 15:45:00', TIMESTAMP '2026-07-20 12:24:04.934637');
INSERT INTO "PUBLIC"."telemetry"("id", "message_id", "device_id", "metric_code", "metric_value", "unit", "collected_at", "created_at") VALUES(276, 'DEMO-TOWER-TC1-04', 1, 'obliquity', 0.2800, U&'\00b0', TIMESTAMP '2026-07-19 15:50:00', TIMESTAMP '2026-07-20 12:24:04.935637');
INSERT INTO "PUBLIC"."telemetry"("id", "message_id", "device_id", "metric_code", "metric_value", "unit", "collected_at", "created_at") VALUES(277, 'DEMO-TOWER-TC1-04', 1, 'amplitude', 35.0000, 'm', TIMESTAMP '2026-07-19 15:50:00', TIMESTAMP '2026-07-20 12:24:04.935637');
INSERT INTO "PUBLIC"."telemetry"("id", "message_id", "device_id", "metric_code", "metric_value", "unit", "collected_at", "created_at") VALUES(278, 'DEMO-TOWER-TC1-04', 1, 'moment', 1010.0000, U&'kN\00b7m', TIMESTAMP '2026-07-19 15:50:00', TIMESTAMP '2026-07-20 12:24:04.935637');
INSERT INTO "PUBLIC"."telemetry"("id", "message_id", "device_id", "metric_code", "metric_value", "unit", "collected_at", "created_at") VALUES(279, 'DEMO-TOWER-TC1-05', 1, 'obliquity', 0.3100, U&'\00b0', TIMESTAMP '2026-07-19 15:55:00', TIMESTAMP '2026-07-20 12:24:04.935637');
INSERT INTO "PUBLIC"."telemetry"("id", "message_id", "device_id", "metric_code", "metric_value", "unit", "collected_at", "created_at") VALUES(280, 'DEMO-TOWER-TC1-05', 1, 'amplitude', 37.0000, 'm', TIMESTAMP '2026-07-19 15:55:00', TIMESTAMP '2026-07-20 12:24:04.935637');
INSERT INTO "PUBLIC"."telemetry"("id", "message_id", "device_id", "metric_code", "metric_value", "unit", "collected_at", "created_at") VALUES(281, 'DEMO-TOWER-TC1-05', 1, 'moment', 1090.0000, U&'kN\00b7m', TIMESTAMP '2026-07-19 15:55:00', TIMESTAMP '2026-07-20 12:24:04.935637');
INSERT INTO "PUBLIC"."telemetry"("id", "message_id", "device_id", "metric_code", "metric_value", "unit", "collected_at", "created_at") VALUES(282, 'DEMO-TOWER-TC1-06', 1, 'obliquity', 0.3600, U&'\00b0', TIMESTAMP '2026-07-19 16:00:00', TIMESTAMP '2026-07-20 12:24:04.936637');
INSERT INTO "PUBLIC"."telemetry"("id", "message_id", "device_id", "metric_code", "metric_value", "unit", "collected_at", "created_at") VALUES(283, 'DEMO-TOWER-TC1-06', 1, 'amplitude', 39.0000, 'm', TIMESTAMP '2026-07-19 16:00:00', TIMESTAMP '2026-07-20 12:24:04.936637');
INSERT INTO "PUBLIC"."telemetry"("id", "message_id", "device_id", "metric_code", "metric_value", "unit", "collected_at", "created_at") VALUES(284, 'DEMO-TOWER-TC1-06', 1, 'moment', 1160.0000, U&'kN\00b7m', TIMESTAMP '2026-07-19 16:00:00', TIMESTAMP '2026-07-20 12:24:04.936637');
INSERT INTO "PUBLIC"."telemetry"("id", "message_id", "device_id", "metric_code", "metric_value", "unit", "collected_at", "created_at") VALUES(285, 'DEMO-TOWER-TC1-07', 1, 'obliquity', 0.4800, U&'\00b0', TIMESTAMP '2026-07-19 16:05:00', TIMESTAMP '2026-07-20 12:24:04.936637');
INSERT INTO "PUBLIC"."telemetry"("id", "message_id", "device_id", "metric_code", "metric_value", "unit", "collected_at", "created_at") VALUES(286, 'DEMO-TOWER-TC1-07', 1, 'amplitude', 42.0000, 'm', TIMESTAMP '2026-07-19 16:05:00', TIMESTAMP '2026-07-20 12:24:04.936637');
INSERT INTO "PUBLIC"."telemetry"("id", "message_id", "device_id", "metric_code", "metric_value", "unit", "collected_at", "created_at") VALUES(287, 'DEMO-TOWER-TC1-07', 1, 'moment', 1280.0000, U&'kN\00b7m', TIMESTAMP '2026-07-19 16:05:00', TIMESTAMP '2026-07-20 12:24:04.937638');
INSERT INTO "PUBLIC"."telemetry"("id", "message_id", "device_id", "metric_code", "metric_value", "unit", "collected_at", "created_at") VALUES(288, 'DEMO-TOWER-TC1-08', 1, 'obliquity', 0.5500, U&'\00b0', TIMESTAMP '2026-07-19 16:10:00', TIMESTAMP '2026-07-20 12:24:04.937638');
INSERT INTO "PUBLIC"."telemetry"("id", "message_id", "device_id", "metric_code", "metric_value", "unit", "collected_at", "created_at") VALUES(289, 'DEMO-TOWER-TC1-08', 1, 'amplitude', 45.0000, 'm', TIMESTAMP '2026-07-19 16:10:00', TIMESTAMP '2026-07-20 12:24:04.937638');
INSERT INTO "PUBLIC"."telemetry"("id", "message_id", "device_id", "metric_code", "metric_value", "unit", "collected_at", "created_at") VALUES(290, 'DEMO-TOWER-TC1-08', 1, 'moment', 1340.0000, U&'kN\00b7m', TIMESTAMP '2026-07-19 16:10:00', TIMESTAMP '2026-07-20 12:24:04.937638');
INSERT INTO "PUBLIC"."telemetry"("id", "message_id", "device_id", "metric_code", "metric_value", "unit", "collected_at", "created_at") VALUES(291, 'DEMO-TOWER-TC1-09', 1, 'obliquity', 0.4300, U&'\00b0', TIMESTAMP '2026-07-19 16:15:00', TIMESTAMP '2026-07-20 12:24:04.937638');
INSERT INTO "PUBLIC"."telemetry"("id", "message_id", "device_id", "metric_code", "metric_value", "unit", "collected_at", "created_at") VALUES(292, 'DEMO-TOWER-TC1-09', 1, 'amplitude', 43.0000, 'm', TIMESTAMP '2026-07-19 16:15:00', TIMESTAMP '2026-07-20 12:24:04.938998');
INSERT INTO "PUBLIC"."telemetry"("id", "message_id", "device_id", "metric_code", "metric_value", "unit", "collected_at", "created_at") VALUES(293, 'DEMO-TOWER-TC1-09', 1, 'moment', 1220.0000, U&'kN\00b7m', TIMESTAMP '2026-07-19 16:15:00', TIMESTAMP '2026-07-20 12:24:04.938998');
INSERT INTO "PUBLIC"."telemetry"("id", "message_id", "device_id", "metric_code", "metric_value", "unit", "collected_at", "created_at") VALUES(294, 'DEMO-TOWER-TC1-10', 1, 'obliquity', 0.3500, U&'\00b0', TIMESTAMP '2026-07-19 16:20:00', TIMESTAMP '2026-07-20 12:24:04.938998');
INSERT INTO "PUBLIC"."telemetry"("id", "message_id", "device_id", "metric_code", "metric_value", "unit", "collected_at", "created_at") VALUES(295, 'DEMO-TOWER-TC1-10', 1, 'amplitude', 40.0000, 'm', TIMESTAMP '2026-07-19 16:20:00', TIMESTAMP '2026-07-20 12:24:04.938998');
INSERT INTO "PUBLIC"."telemetry"("id", "message_id", "device_id", "metric_code", "metric_value", "unit", "collected_at", "created_at") VALUES(296, 'DEMO-TOWER-TC1-10', 1, 'moment', 1080.0000, U&'kN\00b7m', TIMESTAMP '2026-07-19 16:20:00', TIMESTAMP '2026-07-20 12:24:04.938998');
INSERT INTO "PUBLIC"."telemetry"("id", "message_id", "device_id", "metric_code", "metric_value", "unit", "collected_at", "created_at") VALUES(297, 'DEMO-TOWER-TC1-11', 1, 'obliquity', 0.2700, U&'\00b0', TIMESTAMP '2026-07-19 16:25:00', TIMESTAMP '2026-07-20 12:24:04.938998');
INSERT INTO "PUBLIC"."telemetry"("id", "message_id", "device_id", "metric_code", "metric_value", "unit", "collected_at", "created_at") VALUES(298, 'DEMO-TOWER-TC1-11', 1, 'amplitude', 36.0000, 'm', TIMESTAMP '2026-07-19 16:25:00', TIMESTAMP '2026-07-20 12:24:04.940044');
INSERT INTO "PUBLIC"."telemetry"("id", "message_id", "device_id", "metric_code", "metric_value", "unit", "collected_at", "created_at") VALUES(299, 'DEMO-TOWER-TC1-11', 1, 'moment', 960.0000, U&'kN\00b7m', TIMESTAMP '2026-07-19 16:25:00', TIMESTAMP '2026-07-20 12:24:04.940044');
INSERT INTO "PUBLIC"."telemetry"("id", "message_id", "device_id", "metric_code", "metric_value", "unit", "collected_at", "created_at") VALUES(300, 'DEMO-TOWER-TC1-12', 1, 'obliquity', 0.2200, U&'\00b0', TIMESTAMP '2026-07-19 16:30:00', TIMESTAMP '2026-07-20 12:24:04.940044');
INSERT INTO "PUBLIC"."telemetry"("id", "message_id", "device_id", "metric_code", "metric_value", "unit", "collected_at", "created_at") VALUES(301, 'DEMO-TOWER-TC1-12', 1, 'amplitude', 34.0000, 'm', TIMESTAMP '2026-07-19 16:30:00', TIMESTAMP '2026-07-20 12:24:04.940044');
INSERT INTO "PUBLIC"."telemetry"("id", "message_id", "device_id", "metric_code", "metric_value", "unit", "collected_at", "created_at") VALUES(302, 'DEMO-TOWER-TC1-12', 1, 'moment', 890.0000, U&'kN\00b7m', TIMESTAMP '2026-07-19 16:30:00', TIMESTAMP '2026-07-20 12:24:04.940044');
INSERT INTO "PUBLIC"."telemetry"("id", "message_id", "device_id", "metric_code", "metric_value", "unit", "collected_at", "created_at") VALUES(303, 'DEMO-TOWER-TC2-01', 2, 'weight', 18.0000, 't', TIMESTAMP '2026-07-19 15:55:00', TIMESTAMP '2026-07-20 12:24:04.940044');
INSERT INTO "PUBLIC"."telemetry"("id", "message_id", "device_id", "metric_code", "metric_value", "unit", "collected_at", "created_at") VALUES(304, 'DEMO-TOWER-TC2-01', 2, 'windSpeed', 4.8000, 'm/s', TIMESTAMP '2026-07-19 15:55:00', TIMESTAMP '2026-07-20 12:24:04.941044');
INSERT INTO "PUBLIC"."telemetry"("id", "message_id", "device_id", "metric_code", "metric_value", "unit", "collected_at", "created_at") VALUES(305, 'DEMO-TOWER-TC2-01', 2, 'moment', 620.0000, U&'kN\00b7m', TIMESTAMP '2026-07-19 15:55:00', TIMESTAMP '2026-07-20 12:24:04.941044');
INSERT INTO "PUBLIC"."telemetry"("id", "message_id", "device_id", "metric_code", "metric_value", "unit", "collected_at", "created_at") VALUES(306, 'DEMO-TOWER-TC2-01', 2, 'obliquity', 0.1200, U&'\00b0', TIMESTAMP '2026-07-19 15:55:00', TIMESTAMP '2026-07-20 12:24:04.941044');
INSERT INTO "PUBLIC"."telemetry"("id", "message_id", "device_id", "metric_code", "metric_value", "unit", "collected_at", "created_at") VALUES(307, 'DEMO-TOWER-TC2-01', 2, 'rotation', 36.0000, U&'\00b0', TIMESTAMP '2026-07-19 15:55:00', TIMESTAMP '2026-07-20 12:24:04.941044');
INSERT INTO "PUBLIC"."telemetry"("id", "message_id", "device_id", "metric_code", "metric_value", "unit", "collected_at", "created_at") VALUES(308, 'DEMO-TOWER-TC2-01', 2, 'height', 42.0000, 'm', TIMESTAMP '2026-07-19 15:55:00', TIMESTAMP '2026-07-20 12:24:04.941044');
INSERT INTO "PUBLIC"."telemetry"("id", "message_id", "device_id", "metric_code", "metric_value", "unit", "collected_at", "created_at") VALUES(309, 'DEMO-TOWER-TC2-01', 2, 'amplitude', 24.0000, 'm', TIMESTAMP '2026-07-19 15:55:00', TIMESTAMP '2026-07-20 12:24:04.941044');
INSERT INTO "PUBLIC"."telemetry"("id", "message_id", "device_id", "metric_code", "metric_value", "unit", "collected_at", "created_at") VALUES(310, 'DEMO-TOWER-TC2-02', 2, 'weight', 24.0000, 't', TIMESTAMP '2026-07-19 16:00:00', TIMESTAMP '2026-07-20 12:24:04.941044');
INSERT INTO "PUBLIC"."telemetry"("id", "message_id", "device_id", "metric_code", "metric_value", "unit", "collected_at", "created_at") VALUES(311, 'DEMO-TOWER-TC2-02', 2, 'windSpeed', 5.2000, 'm/s', TIMESTAMP '2026-07-19 16:00:00', TIMESTAMP '2026-07-20 12:24:04.941044');
INSERT INTO "PUBLIC"."telemetry"("id", "message_id", "device_id", "metric_code", "metric_value", "unit", "collected_at", "created_at") VALUES(312, 'DEMO-TOWER-TC2-02', 2, 'moment', 710.0000, U&'kN\00b7m', TIMESTAMP '2026-07-19 16:00:00', TIMESTAMP '2026-07-20 12:24:04.941044');
INSERT INTO "PUBLIC"."telemetry"("id", "message_id", "device_id", "metric_code", "metric_value", "unit", "collected_at", "created_at") VALUES(313, 'DEMO-TOWER-TC2-02', 2, 'obliquity', 0.1600, U&'\00b0', TIMESTAMP '2026-07-19 16:00:00', TIMESTAMP '2026-07-20 12:24:04.942503');
INSERT INTO "PUBLIC"."telemetry"("id", "message_id", "device_id", "metric_code", "metric_value", "unit", "collected_at", "created_at") VALUES(314, 'DEMO-TOWER-TC2-02', 2, 'rotation', 52.0000, U&'\00b0', TIMESTAMP '2026-07-19 16:00:00', TIMESTAMP '2026-07-20 12:24:04.942503');
INSERT INTO "PUBLIC"."telemetry"("id", "message_id", "device_id", "metric_code", "metric_value", "unit", "collected_at", "created_at") VALUES(315, 'DEMO-TOWER-TC2-02', 2, 'height', 44.0000, 'm', TIMESTAMP '2026-07-19 16:00:00', TIMESTAMP '2026-07-20 12:24:04.942503');
INSERT INTO "PUBLIC"."telemetry"("id", "message_id", "device_id", "metric_code", "metric_value", "unit", "collected_at", "created_at") VALUES(316, 'DEMO-TOWER-TC2-02', 2, 'amplitude', 27.0000, 'm', TIMESTAMP '2026-07-19 16:00:00', TIMESTAMP '2026-07-20 12:24:04.942503');
INSERT INTO "PUBLIC"."telemetry"("id", "message_id", "device_id", "metric_code", "metric_value", "unit", "collected_at", "created_at") VALUES(317, 'DEMO-TOWER-TC2-03', 2, 'weight', 31.0000, 't', TIMESTAMP '2026-07-19 16:05:00', TIMESTAMP '2026-07-20 12:24:04.942503');
INSERT INTO "PUBLIC"."telemetry"("id", "message_id", "device_id", "metric_code", "metric_value", "unit", "collected_at", "created_at") VALUES(318, 'DEMO-TOWER-TC2-03', 2, 'windSpeed', 5.9000, 'm/s', TIMESTAMP '2026-07-19 16:05:00', TIMESTAMP '2026-07-20 12:24:04.942503');
INSERT INTO "PUBLIC"."telemetry"("id", "message_id", "device_id", "metric_code", "metric_value", "unit", "collected_at", "created_at") VALUES(319, 'DEMO-TOWER-TC2-03', 2, 'moment', 840.0000, U&'kN\00b7m', TIMESTAMP '2026-07-19 16:05:00', TIMESTAMP '2026-07-20 12:24:04.942503');
INSERT INTO "PUBLIC"."telemetry"("id", "message_id", "device_id", "metric_code", "metric_value", "unit", "collected_at", "created_at") VALUES(320, 'DEMO-TOWER-TC2-03', 2, 'obliquity', 0.1900, U&'\00b0', TIMESTAMP '2026-07-19 16:05:00', TIMESTAMP '2026-07-20 12:24:04.942503');
INSERT INTO "PUBLIC"."telemetry"("id", "message_id", "device_id", "metric_code", "metric_value", "unit", "collected_at", "created_at") VALUES(321, 'DEMO-TOWER-TC2-03', 2, 'rotation', 68.0000, U&'\00b0', TIMESTAMP '2026-07-19 16:05:00', TIMESTAMP '2026-07-20 12:24:04.943504');
INSERT INTO "PUBLIC"."telemetry"("id", "message_id", "device_id", "metric_code", "metric_value", "unit", "collected_at", "created_at") VALUES(322, 'DEMO-TOWER-TC2-03', 2, 'height', 47.0000, 'm', TIMESTAMP '2026-07-19 16:05:00', TIMESTAMP '2026-07-20 12:24:04.943504');
INSERT INTO "PUBLIC"."telemetry"("id", "message_id", "device_id", "metric_code", "metric_value", "unit", "collected_at", "created_at") VALUES(323, 'DEMO-TOWER-TC2-03', 2, 'amplitude', 30.0000, 'm', TIMESTAMP '2026-07-19 16:05:00', TIMESTAMP '2026-07-20 12:24:04.943504');
INSERT INTO "PUBLIC"."telemetry"("id", "message_id", "device_id", "metric_code", "metric_value", "unit", "collected_at", "created_at") VALUES(324, 'DEMO-TOWER-TC2-04', 2, 'weight', 38.0000, 't', TIMESTAMP '2026-07-19 16:10:00', TIMESTAMP '2026-07-20 12:24:04.943504');
INSERT INTO "PUBLIC"."telemetry"("id", "message_id", "device_id", "metric_code", "metric_value", "unit", "collected_at", "created_at") VALUES(325, 'DEMO-TOWER-TC2-04', 2, 'windSpeed', 6.4000, 'm/s', TIMESTAMP '2026-07-19 16:10:00', TIMESTAMP '2026-07-20 12:24:04.944504');
INSERT INTO "PUBLIC"."telemetry"("id", "message_id", "device_id", "metric_code", "metric_value", "unit", "collected_at", "created_at") VALUES(326, 'DEMO-TOWER-TC2-04', 2, 'moment', 970.0000, U&'kN\00b7m', TIMESTAMP '2026-07-19 16:10:00', TIMESTAMP '2026-07-20 12:24:04.944504');
INSERT INTO "PUBLIC"."telemetry"("id", "message_id", "device_id", "metric_code", "metric_value", "unit", "collected_at", "created_at") VALUES(327, 'DEMO-TOWER-TC2-04', 2, 'obliquity', 0.2300, U&'\00b0', TIMESTAMP '2026-07-19 16:10:00', TIMESTAMP '2026-07-20 12:24:04.944504');
INSERT INTO "PUBLIC"."telemetry"("id", "message_id", "device_id", "metric_code", "metric_value", "unit", "collected_at", "created_at") VALUES(328, 'DEMO-TOWER-TC2-04', 2, 'rotation', 83.0000, U&'\00b0', TIMESTAMP '2026-07-19 16:10:00', TIMESTAMP '2026-07-20 12:24:04.944504');
INSERT INTO "PUBLIC"."telemetry"("id", "message_id", "device_id", "metric_code", "metric_value", "unit", "collected_at", "created_at") VALUES(329, 'DEMO-TOWER-TC2-04', 2, 'height', 49.0000, 'm', TIMESTAMP '2026-07-19 16:10:00', TIMESTAMP '2026-07-20 12:24:04.944504');
INSERT INTO "PUBLIC"."telemetry"("id", "message_id", "device_id", "metric_code", "metric_value", "unit", "collected_at", "created_at") VALUES(330, 'DEMO-TOWER-TC2-04', 2, 'amplitude', 34.0000, 'm', TIMESTAMP '2026-07-19 16:10:00', TIMESTAMP '2026-07-20 12:24:04.944504');
INSERT INTO "PUBLIC"."telemetry"("id", "message_id", "device_id", "metric_code", "metric_value", "unit", "collected_at", "created_at") VALUES(331, 'DEMO-TOWER-TC2-05', 2, 'weight', 43.0000, 't', TIMESTAMP '2026-07-19 16:15:00', TIMESTAMP '2026-07-20 12:24:04.944504');
INSERT INTO "PUBLIC"."telemetry"("id", "message_id", "device_id", "metric_code", "metric_value", "unit", "collected_at", "created_at") VALUES(332, 'DEMO-TOWER-TC2-05', 2, 'windSpeed', 7.1000, 'm/s', TIMESTAMP '2026-07-19 16:15:00', TIMESTAMP '2026-07-20 12:24:04.944504');
INSERT INTO "PUBLIC"."telemetry"("id", "message_id", "device_id", "metric_code", "metric_value", "unit", "collected_at", "created_at") VALUES(333, 'DEMO-TOWER-TC2-05', 2, 'moment', 1080.0000, U&'kN\00b7m', TIMESTAMP '2026-07-19 16:15:00', TIMESTAMP '2026-07-20 12:24:04.944504');
INSERT INTO "PUBLIC"."telemetry"("id", "message_id", "device_id", "metric_code", "metric_value", "unit", "collected_at", "created_at") VALUES(334, 'DEMO-TOWER-TC2-05', 2, 'obliquity', 0.2900, U&'\00b0', TIMESTAMP '2026-07-19 16:15:00', TIMESTAMP '2026-07-20 12:24:04.944504');
INSERT INTO "PUBLIC"."telemetry"("id", "message_id", "device_id", "metric_code", "metric_value", "unit", "collected_at", "created_at") VALUES(335, 'DEMO-TOWER-TC2-05', 2, 'rotation', 102.0000, U&'\00b0', TIMESTAMP '2026-07-19 16:15:00', TIMESTAMP '2026-07-20 12:24:04.945503');
INSERT INTO "PUBLIC"."telemetry"("id", "message_id", "device_id", "metric_code", "metric_value", "unit", "collected_at", "created_at") VALUES(336, 'DEMO-TOWER-TC2-05', 2, 'height', 52.0000, 'm', TIMESTAMP '2026-07-19 16:15:00', TIMESTAMP '2026-07-20 12:24:04.945503');
INSERT INTO "PUBLIC"."telemetry"("id", "message_id", "device_id", "metric_code", "metric_value", "unit", "collected_at", "created_at") VALUES(337, 'DEMO-TOWER-TC2-05', 2, 'amplitude', 38.0000, 'm', TIMESTAMP '2026-07-19 16:15:00', TIMESTAMP '2026-07-20 12:24:04.945503');
INSERT INTO "PUBLIC"."telemetry"("id", "message_id", "device_id", "metric_code", "metric_value", "unit", "collected_at", "created_at") VALUES(338, 'DEMO-TOWER-TC2-06', 2, 'weight', 36.0000, 't', TIMESTAMP '2026-07-19 16:20:00', TIMESTAMP '2026-07-20 12:24:04.945503');
INSERT INTO "PUBLIC"."telemetry"("id", "message_id", "device_id", "metric_code", "metric_value", "unit", "collected_at", "created_at") VALUES(339, 'DEMO-TOWER-TC2-06', 2, 'windSpeed', 6.8000, 'm/s', TIMESTAMP '2026-07-19 16:20:00', TIMESTAMP '2026-07-20 12:24:04.945503');
INSERT INTO "PUBLIC"."telemetry"("id", "message_id", "device_id", "metric_code", "metric_value", "unit", "collected_at", "created_at") VALUES(340, 'DEMO-TOWER-TC2-06', 2, 'moment', 960.0000, U&'kN\00b7m', TIMESTAMP '2026-07-19 16:20:00', TIMESTAMP '2026-07-20 12:24:04.945503');
INSERT INTO "PUBLIC"."telemetry"("id", "message_id", "device_id", "metric_code", "metric_value", "unit", "collected_at", "created_at") VALUES(341, 'DEMO-TOWER-TC2-06', 2, 'obliquity', 0.2500, U&'\00b0', TIMESTAMP '2026-07-19 16:20:00', TIMESTAMP '2026-07-20 12:24:04.945503');
INSERT INTO "PUBLIC"."telemetry"("id", "message_id", "device_id", "metric_code", "metric_value", "unit", "collected_at", "created_at") VALUES(342, 'DEMO-TOWER-TC2-06', 2, 'rotation', 116.0000, U&'\00b0', TIMESTAMP '2026-07-19 16:20:00', TIMESTAMP '2026-07-20 12:24:04.945503');
INSERT INTO "PUBLIC"."telemetry"("id", "message_id", "device_id", "metric_code", "metric_value", "unit", "collected_at", "created_at") VALUES(343, 'DEMO-TOWER-TC2-06', 2, 'height', 50.0000, 'm', TIMESTAMP '2026-07-19 16:20:00', TIMESTAMP '2026-07-20 12:24:04.945503');
INSERT INTO "PUBLIC"."telemetry"("id", "message_id", "device_id", "metric_code", "metric_value", "unit", "collected_at", "created_at") VALUES(344, 'DEMO-TOWER-TC2-06', 2, 'amplitude', 35.0000, 'm', TIMESTAMP '2026-07-19 16:20:00', TIMESTAMP '2026-07-20 12:24:04.945503');
INSERT INTO "PUBLIC"."telemetry"("id", "message_id", "device_id", "metric_code", "metric_value", "unit", "collected_at", "created_at") VALUES(345, 'DEMO-TOWER-TC2-07', 2, 'weight', 29.0000, 't', TIMESTAMP '2026-07-19 16:25:00', TIMESTAMP '2026-07-20 12:24:04.946503');
INSERT INTO "PUBLIC"."telemetry"("id", "message_id", "device_id", "metric_code", "metric_value", "unit", "collected_at", "created_at") VALUES(346, 'DEMO-TOWER-TC2-07', 2, 'windSpeed', 6.1000, 'm/s', TIMESTAMP '2026-07-19 16:25:00', TIMESTAMP '2026-07-20 12:24:04.946503');
INSERT INTO "PUBLIC"."telemetry"("id", "message_id", "device_id", "metric_code", "metric_value", "unit", "collected_at", "created_at") VALUES(347, 'DEMO-TOWER-TC2-07', 2, 'moment', 830.0000, U&'kN\00b7m', TIMESTAMP '2026-07-19 16:25:00', TIMESTAMP '2026-07-20 12:24:04.946503');
INSERT INTO "PUBLIC"."telemetry"("id", "message_id", "device_id", "metric_code", "metric_value", "unit", "collected_at", "created_at") VALUES(348, 'DEMO-TOWER-TC2-07', 2, 'obliquity', 0.2000, U&'\00b0', TIMESTAMP '2026-07-19 16:25:00', TIMESTAMP '2026-07-20 12:24:04.946503');
INSERT INTO "PUBLIC"."telemetry"("id", "message_id", "device_id", "metric_code", "metric_value", "unit", "collected_at", "created_at") VALUES(349, 'DEMO-TOWER-TC2-07', 2, 'rotation', 128.0000, U&'\00b0', TIMESTAMP '2026-07-19 16:25:00', TIMESTAMP '2026-07-20 12:24:04.946503');
INSERT INTO "PUBLIC"."telemetry"("id", "message_id", "device_id", "metric_code", "metric_value", "unit", "collected_at", "created_at") VALUES(350, 'DEMO-TOWER-TC2-07', 2, 'height', 47.0000, 'm', TIMESTAMP '2026-07-19 16:25:00', TIMESTAMP '2026-07-20 12:24:04.946503');
INSERT INTO "PUBLIC"."telemetry"("id", "message_id", "device_id", "metric_code", "metric_value", "unit", "collected_at", "created_at") VALUES(351, 'DEMO-TOWER-TC2-07', 2, 'amplitude', 31.0000, 'm', TIMESTAMP '2026-07-19 16:25:00', TIMESTAMP '2026-07-20 12:24:04.946503');
INSERT INTO "PUBLIC"."telemetry"("id", "message_id", "device_id", "metric_code", "metric_value", "unit", "collected_at", "created_at") VALUES(352, 'DEMO-TOWER-TC2-08', 2, 'weight', 21.0000, 't', TIMESTAMP '2026-07-19 16:30:00', TIMESTAMP '2026-07-20 12:24:04.946503');
INSERT INTO "PUBLIC"."telemetry"("id", "message_id", "device_id", "metric_code", "metric_value", "unit", "collected_at", "created_at") VALUES(353, 'DEMO-TOWER-TC2-08', 2, 'windSpeed', 5.6000, 'm/s', TIMESTAMP '2026-07-19 16:30:00', TIMESTAMP '2026-07-20 12:24:04.946503');
INSERT INTO "PUBLIC"."telemetry"("id", "message_id", "device_id", "metric_code", "metric_value", "unit", "collected_at", "created_at") VALUES(354, 'DEMO-TOWER-TC2-08', 2, 'moment', 700.0000, U&'kN\00b7m', TIMESTAMP '2026-07-19 16:30:00', TIMESTAMP '2026-07-20 12:24:04.946503');
INSERT INTO "PUBLIC"."telemetry"("id", "message_id", "device_id", "metric_code", "metric_value", "unit", "collected_at", "created_at") VALUES(355, 'DEMO-TOWER-TC2-08', 2, 'obliquity', 0.1700, U&'\00b0', TIMESTAMP '2026-07-19 16:30:00', TIMESTAMP '2026-07-20 12:24:04.946503');
INSERT INTO "PUBLIC"."telemetry"("id", "message_id", "device_id", "metric_code", "metric_value", "unit", "collected_at", "created_at") VALUES(356, 'DEMO-TOWER-TC2-08', 2, 'rotation', 141.0000, U&'\00b0', TIMESTAMP '2026-07-19 16:30:00', TIMESTAMP '2026-07-20 12:24:04.946503');
INSERT INTO "PUBLIC"."telemetry"("id", "message_id", "device_id", "metric_code", "metric_value", "unit", "collected_at", "created_at") VALUES(357, 'DEMO-TOWER-TC2-08', 2, 'height', 45.0000, 'm', TIMESTAMP '2026-07-19 16:30:00', TIMESTAMP '2026-07-20 12:24:04.946503');
INSERT INTO "PUBLIC"."telemetry"("id", "message_id", "device_id", "metric_code", "metric_value", "unit", "collected_at", "created_at") VALUES(358, 'DEMO-TOWER-TC2-08', 2, 'amplitude', 28.0000, 'm', TIMESTAMP '2026-07-19 16:30:00', TIMESTAMP '2026-07-20 12:24:04.946503');
CREATE INDEX "PUBLIC"."idx_telemetry_device_time" ON "PUBLIC"."telemetry"("device_id" NULLS FIRST, "collected_at" NULLS FIRST);
CREATE INDEX "PUBLIC"."idx_telemetry_device_metric_time" ON "PUBLIC"."telemetry"("device_id" NULLS FIRST, "metric_code" NULLS FIRST, "collected_at" NULLS FIRST, "id" NULLS FIRST);
CREATE CACHED TABLE "PUBLIC"."alarm_rule"(
    "id" BIGINT GENERATED BY DEFAULT AS IDENTITY(START WITH 1 RESTART WITH 11) DEFAULT ON NULL NOT NULL,
    "name" CHARACTER VARYING(120) NOT NULL,
    "source_type" CHARACTER VARYING(32) NOT NULL,
    "metric_code" CHARACTER VARYING(64) NOT NULL,
    "operator" CHARACTER VARYING(8) NOT NULL,
    "threshold_value" DECIMAL(18, 4) NOT NULL,
    "severity" CHARACTER VARYING(16) NOT NULL,
    "scope_type" CHARACTER VARYING(16) NOT NULL,
    "scope_id" BIGINT,
    "enabled" BOOLEAN DEFAULT TRUE NOT NULL,
    "suppression_seconds" INTEGER DEFAULT 300 NOT NULL,
    "updated_at" TIMESTAMP NOT NULL
);
ALTER TABLE "PUBLIC"."alarm_rule" ADD CONSTRAINT "PUBLIC"."CONSTRAINT_C" PRIMARY KEY("id");
-- 10 +/- SELECT COUNT(*) FROM PUBLIC.alarm_rule;
INSERT INTO "PUBLIC"."alarm_rule"("id", "name", "source_type", "metric_code", "operator", "threshold_value", "severity", "scope_type", "scope_id", "enabled", "suppression_seconds", "updated_at") VALUES(1, U&'\5854\540a\98ce\901f\9ad8\503c\9884\8b66', 'DEVICE_RULE', 'windSpeed', '>', 10.0000, 'HIGH', 'DEVICE', 1, TRUE, 300, TIMESTAMP '2026-07-19 16:30:00');
INSERT INTO "PUBLIC"."alarm_rule"("id", "name", "source_type", "metric_code", "operator", "threshold_value", "severity", "scope_type", "scope_id", "enabled", "suppression_seconds", "updated_at") VALUES(2, U&'\5854\540a\540a\91cd\8d85\9650', 'DEVICE_RULE', 'weight', '>', 80.0000, 'HIGH', 'TYPE', 1, TRUE, 300, TIMESTAMP '2026-07-19 16:30:00');
INSERT INTO "PUBLIC"."alarm_rule"("id", "name", "source_type", "metric_code", "operator", "threshold_value", "severity", "scope_type", "scope_id", "enabled", "suppression_seconds", "updated_at") VALUES(3, U&'PM2.5 \8d85\6807', 'ENVIRONMENT_RULE', 'pm25', '>', 75.0000, 'MEDIUM', 'SITE', 1, TRUE, 600, TIMESTAMP '2026-07-19 16:30:00');
INSERT INTO "PUBLIC"."alarm_rule"("id", "name", "source_type", "metric_code", "operator", "threshold_value", "severity", "scope_type", "scope_id", "enabled", "suppression_seconds", "updated_at") VALUES(4, U&'\65bd\5de5\566a\58f0\8d85\6807', 'ENVIRONMENT_RULE', 'noise', '>', 85.0000, 'MEDIUM', 'SITE', 1, TRUE, 600, TIMESTAMP '2026-07-19 16:30:00');
INSERT INTO "PUBLIC"."alarm_rule"("id", "name", "source_type", "metric_code", "operator", "threshold_value", "severity", "scope_type", "scope_id", "enabled", "suppression_seconds", "updated_at") VALUES(5, U&'\65bd\5de5\5347\964d\673a\8f7d\8377\8d85\9650', 'DEVICE_RULE', 'load', '>', 1800.0000, 'HIGH', 'TYPE', 1, TRUE, 180, TIMESTAMP '2026-07-19 16:30:00');
INSERT INTO "PUBLIC"."alarm_rule"("id", "name", "source_type", "metric_code", "operator", "threshold_value", "severity", "scope_type", "scope_id", "enabled", "suppression_seconds", "updated_at") VALUES(6, U&'\65bd\5de5\5347\964d\673a\9650\4f4d\89e6\53d1', 'DEVICE_RULE', 'limitStatus', '=', 1.0000, 'HIGH', 'TYPE', 1, TRUE, 60, TIMESTAMP '2026-07-19 16:30:00');
INSERT INTO "PUBLIC"."alarm_rule"("id", "name", "source_type", "metric_code", "operator", "threshold_value", "severity", "scope_type", "scope_id", "enabled", "suppression_seconds", "updated_at") VALUES(7, U&'\9ad8\652f\6a21\6c34\5e73\4f4d\79fb\9884\8b66', 'DEVICE_RULE', 'displacement', '>', 1.0000, 'MEDIUM', 'TYPE', 1, TRUE, 300, TIMESTAMP '2026-07-19 16:30:00');
INSERT INTO "PUBLIC"."alarm_rule"("id", "name", "source_type", "metric_code", "operator", "threshold_value", "severity", "scope_type", "scope_id", "enabled", "suppression_seconds", "updated_at") VALUES(8, U&'\9ad8\652f\6a21\538b\529b\9884\8b66', 'DEVICE_RULE', 'pressure', '>', 26.0000, 'HIGH', 'TYPE', 1, TRUE, 300, TIMESTAMP '2026-07-19 16:30:00');
INSERT INTO "PUBLIC"."alarm_rule"("id", "name", "source_type", "metric_code", "operator", "threshold_value", "severity", "scope_type", "scope_id", "enabled", "suppression_seconds", "updated_at") VALUES(9, U&'\6df1\57fa\5751\6c34\5e73\4f4d\79fb\9884\8b66', 'DEVICE_RULE', 'horizontalDisplacement', '>', 5.0000, 'HIGH', 'TYPE', 1, TRUE, 300, TIMESTAMP '2026-07-19 16:30:00');
INSERT INTO "PUBLIC"."alarm_rule"("id", "name", "source_type", "metric_code", "operator", "threshold_value", "severity", "scope_type", "scope_id", "enabled", "suppression_seconds", "updated_at") VALUES(10, U&'\6df1\57fa\5751\6c89\964d\901f\7387\9884\8b66', 'DEVICE_RULE', 'settlementRate', '>', 0.2500, 'MEDIUM', 'TYPE', 1, TRUE, 300, TIMESTAMP '2026-07-19 16:30:00');
CREATE INDEX "PUBLIC"."idx_alarm_rule_scope" ON "PUBLIC"."alarm_rule"("scope_type" NULLS FIRST, "scope_id" NULLS FIRST, "id" NULLS FIRST);
CREATE INDEX "PUBLIC"."idx_alarm_rule_metric_enabled" ON "PUBLIC"."alarm_rule"("metric_code" NULLS FIRST, "enabled" NULLS FIRST);
CREATE CACHED TABLE "PUBLIC"."alarm"(
    "id" BIGINT GENERATED BY DEFAULT AS IDENTITY(START WITH 1 RESTART WITH 5) DEFAULT ON NULL NOT NULL,
    "code" CHARACTER VARYING(64) NOT NULL,
    "site_id" BIGINT NOT NULL,
    "zone_id" BIGINT NOT NULL,
    "device_id" BIGINT,
    "rule_id" BIGINT,
    "source_type" CHARACTER VARYING(32) NOT NULL,
    "severity" CHARACTER VARYING(16) NOT NULL,
    "title" CHARACTER VARYING(160) NOT NULL,
    "description" CHARACTER VARYING(500) NOT NULL,
    "status" CHARACTER VARYING(20) NOT NULL,
    "first_occurred_at" TIMESTAMP NOT NULL,
    "last_occurred_at" TIMESTAMP NOT NULL,
    "occurrences" INTEGER DEFAULT 1 NOT NULL
);
ALTER TABLE "PUBLIC"."alarm" ADD CONSTRAINT "PUBLIC"."CONSTRAINT_5" PRIMARY KEY("id");
-- 4 +/- SELECT COUNT(*) FROM PUBLIC.alarm;
INSERT INTO "PUBLIC"."alarm"("id", "code", "site_id", "zone_id", "device_id", "rule_id", "source_type", "severity", "title", "description", "status", "first_occurred_at", "last_occurred_at", "occurrences") VALUES(1, 'ALM-20260719-001', 1, 2, 1, 1, 'DEVICE_RULE', 'HIGH', U&'1\53f7\5854\540a\98ce\901f\8d85\8fc7\9608\503c', U&'\98ce\901f 11.80 m/s\ff0c\9ad8\4e8e\89c4\5219\9608\503c 10.00 m/s', 'PENDING', TIMESTAMP '2026-07-19 16:12:00', TIMESTAMP '2026-07-19 16:26:00', 3);
INSERT INTO "PUBLIC"."alarm"("id", "code", "site_id", "zone_id", "device_id", "rule_id", "source_type", "severity", "title", "description", "status", "first_occurred_at", "last_occurred_at", "occurrences") VALUES(2, 'ALM-20260719-002', 1, 4, 5, NULL, 'SYSTEM', 'MEDIUM', U&'\6df1\57fa\5751\76d1\6d4b\7ec4\79bb\7ebf', U&'\8bbe\5907\6700\8fd1\4e00\6b21\4e0a\62a5\8ddd\5f53\524d\7edf\8ba1\65f6\70b9\8d85\8fc7 90 \5206\949f', 'PROCESSING', TIMESTAMP '2026-07-19 14:56:00', TIMESTAMP '2026-07-19 14:56:00', 1);
INSERT INTO "PUBLIC"."alarm"("id", "code", "site_id", "zone_id", "device_id", "rule_id", "source_type", "severity", "title", "description", "status", "first_occurred_at", "last_occurred_at", "occurrences") VALUES(3, 'ALM-20260719-003', 1, 6, 7, 3, 'ENVIRONMENT_RULE', 'MEDIUM', U&'\5357\533a PM2.5 \8d85\6807', U&'PM2.5 \8bfb\6570 82.00 \03bcg/m\00b3\ff0c\9ad8\4e8e\89c4\5219\9608\503c 75.00 \03bcg/m\00b3', 'RESOLVED', TIMESTAMP '2026-07-19 13:30:00', TIMESTAMP '2026-07-19 13:55:00', 2);
INSERT INTO "PUBLIC"."alarm"("id", "code", "site_id", "zone_id", "device_id", "rule_id", "source_type", "severity", "title", "description", "status", "first_occurred_at", "last_occurred_at", "occurrences") VALUES(4, 'ALM-AI-4129BF90', 1, 2, NULL, NULL, 'AI_RISK', 'HIGH', U&'\4e1c\533a\5854\697c\786e\8ba4 AI \98ce\9669\ff1a\672a\4f69\6234\5b89\5168\5e3d', U&'\98ce\9669\4e8b\4ef6 1\ff0c\6444\50cf\5934 \4e1c\533a\5854\540a\6444\50cf\5934\ff0c\7f6e\4fe1\5ea6 0.9340\ff0c\4eba\5de5\590d\6838\786e\8ba4\6709\6548', 'CLOSED', TIMESTAMP '2026-07-19 15:48:00', TIMESTAMP '2026-07-20 11:13:11.283929', 1);
CREATE INDEX "PUBLIC"."idx_alarm_site_status_time" ON "PUBLIC"."alarm"("site_id" NULLS FIRST, "status" NULLS FIRST, "last_occurred_at" NULLS FIRST);
CREATE INDEX "PUBLIC"."idx_alarm_site_zone_time" ON "PUBLIC"."alarm"("site_id" NULLS FIRST, "zone_id" NULLS FIRST, "last_occurred_at" NULLS FIRST, "id" NULLS FIRST);
CREATE INDEX "PUBLIC"."idx_alarm_device_source_status" ON "PUBLIC"."alarm"("device_id" NULLS FIRST, "source_type" NULLS FIRST, "status" NULLS FIRST, "id" NULLS FIRST);
CREATE CACHED TABLE "PUBLIC"."alarm_action"(
    "id" BIGINT GENERATED BY DEFAULT AS IDENTITY(START WITH 1 RESTART WITH 5) DEFAULT ON NULL NOT NULL,
    "alarm_id" BIGINT NOT NULL,
    "operator_id" BIGINT NOT NULL,
    "action" CHARACTER VARYING(24) NOT NULL,
    "from_status" CHARACTER VARYING(20) NOT NULL,
    "to_status" CHARACTER VARYING(20) NOT NULL,
    "note" CHARACTER VARYING(500),
    "created_at" TIMESTAMP NOT NULL
);
ALTER TABLE "PUBLIC"."alarm_action" ADD CONSTRAINT "PUBLIC"."CONSTRAINT_D" PRIMARY KEY("id");
-- 4 +/- SELECT COUNT(*) FROM PUBLIC.alarm_action;
INSERT INTO "PUBLIC"."alarm_action"("id", "alarm_id", "operator_id", "action", "from_status", "to_status", "note", "created_at") VALUES(1, 2, 2, 'CONFIRM', 'PENDING', 'PROCESSING', U&'\5df2\901a\77e5\8bbe\5907\7ba1\7406\5458\68c0\67e5\73b0\573a\7f51\5173', TIMESTAMP '2026-07-19 15:10:00');
INSERT INTO "PUBLIC"."alarm_action"("id", "alarm_id", "operator_id", "action", "from_status", "to_status", "note", "created_at") VALUES(2, 4, 2, 'CONFIRM', 'PENDING', 'PROCESSING', 'ada', TIMESTAMP '2026-07-20 14:03:26.259021');
INSERT INTO "PUBLIC"."alarm_action"("id", "alarm_id", "operator_id", "action", "from_status", "to_status", "note", "created_at") VALUES(3, 4, 2, 'RESOLVE', 'PROCESSING', 'RESOLVED', 'adwad', TIMESTAMP '2026-07-20 14:03:29.430343');
INSERT INTO "PUBLIC"."alarm_action"("id", "alarm_id", "operator_id", "action", "from_status", "to_status", "note", "created_at") VALUES(4, 4, 2, 'CLOSE', 'RESOLVED', 'CLOSED', 'dadwa', TIMESTAMP '2026-07-20 14:03:31.52445');
CREATE CACHED TABLE "PUBLIC"."camera"(
    "id" BIGINT GENERATED BY DEFAULT AS IDENTITY(START WITH 1 RESTART WITH 4) DEFAULT ON NULL NOT NULL,
    "code" CHARACTER VARYING(64) NOT NULL,
    "name" CHARACTER VARYING(120) NOT NULL,
    "site_id" BIGINT NOT NULL,
    "zone_id" BIGINT NOT NULL,
    "online" BOOLEAN NOT NULL,
    "stream_url" CHARACTER VARYING(500),
    "last_frame_at" TIMESTAMP
);
ALTER TABLE "PUBLIC"."camera" ADD CONSTRAINT "PUBLIC"."CONSTRAINT_A" PRIMARY KEY("id");
-- 3 +/- SELECT COUNT(*) FROM PUBLIC.camera;
INSERT INTO "PUBLIC"."camera"("id", "code", "name", "site_id", "zone_id", "online", "stream_url", "last_frame_at") VALUES(1, 'CAM-001', U&'\4e1c\533a\5854\540a\6444\50cf\5934', 1, 2, TRUE, NULL, TIMESTAMP '2026-07-19 16:29:40');
INSERT INTO "PUBLIC"."camera"("id", "code", "name", "site_id", "zone_id", "online", "stream_url", "last_frame_at") VALUES(2, 'CAM-002', U&'\897f\533a\57fa\5751\6444\50cf\5934', 1, 4, FALSE, NULL, TIMESTAMP '2026-07-19 14:30:00');
INSERT INTO "PUBLIC"."camera"("id", "code", "name", "site_id", "zone_id", "online", "stream_url", "last_frame_at") VALUES(3, 'CAM-003', U&'\5357\533a\901a\9053\6444\50cf\5934', 1, 6, TRUE, NULL, TIMESTAMP '2026-07-19 16:29:22');
CREATE INDEX "PUBLIC"."idx_camera_site_code" ON "PUBLIC"."camera"("site_id" NULLS FIRST, "code" NULLS FIRST, "id" NULLS FIRST);
CREATE INDEX "PUBLIC"."idx_camera_site_zone" ON "PUBLIC"."camera"("site_id" NULLS FIRST, "zone_id" NULLS FIRST);
CREATE CACHED TABLE "PUBLIC"."ai_risk"(
    "id" BIGINT GENERATED BY DEFAULT AS IDENTITY(START WITH 1 RESTART WITH 4) DEFAULT ON NULL NOT NULL,
    "camera_id" BIGINT NOT NULL,
    "site_id" BIGINT NOT NULL,
    "zone_id" BIGINT NOT NULL,
    "risk_type" CHARACTER VARYING(64) NOT NULL,
    "confidence" DECIMAL(6, 4) NOT NULL,
    "model_version" CHARACTER VARYING(64) NOT NULL,
    "occurred_at" TIMESTAMP NOT NULL,
    "evidence_url" CHARACTER VARYING(500),
    "status" CHARACTER VARYING(20) NOT NULL,
    "review_note" CHARACTER VARYING(500),
    "reviewed_by" BIGINT,
    "reviewed_at" TIMESTAMP
);
ALTER TABLE "PUBLIC"."ai_risk" ADD CONSTRAINT "PUBLIC"."CONSTRAINT_C3" PRIMARY KEY("id");
-- 3 +/- SELECT COUNT(*) FROM PUBLIC.ai_risk;
INSERT INTO "PUBLIC"."ai_risk"("id", "camera_id", "site_id", "zone_id", "risk_type", "confidence", "model_version", "occurred_at", "evidence_url", "status", "review_note", "reviewed_by", "reviewed_at") VALUES(1, 1, 1, 2, U&'\672a\4f69\6234\5b89\5168\5e3d', 0.9340, 'yolo-sitesafe-1.0', TIMESTAMP '2026-07-19 15:48:00', NULL, 'CONFIRMED', '', 2, TIMESTAMP '2026-07-20 11:13:11.283929');
INSERT INTO "PUBLIC"."ai_risk"("id", "camera_id", "site_id", "zone_id", "risk_type", "confidence", "model_version", "occurred_at", "evidence_url", "status", "review_note", "reviewed_by", "reviewed_at") VALUES(2, 3, 1, 6, U&'\5438\70df', 0.8810, 'yolo-sitesafe-1.0', TIMESTAMP '2026-07-19 14:30:00', NULL, 'CONFIRMED', U&'\73b0\573a\8d1f\8d23\4eba\5df2\786e\8ba4\5e76\5b8c\6210\529d\963b', 2, TIMESTAMP '2026-07-19 14:40:00');
INSERT INTO "PUBLIC"."ai_risk"("id", "camera_id", "site_id", "zone_id", "risk_type", "confidence", "model_version", "occurred_at", "evidence_url", "status", "review_note", "reviewed_by", "reviewed_at") VALUES(3, 1, 1, 2, U&'\672a\7a7f\53cd\5149\670d', 0.6240, 'yolo-sitesafe-1.0', TIMESTAMP '2026-07-19 12:30:00', NULL, 'FALSE_POSITIVE', U&'\906e\6321\5bfc\81f4\8bef\8bc6\522b', 2, TIMESTAMP '2026-07-19 12:42:00');
CREATE CACHED TABLE "PUBLIC"."sprinkler_task"(
    "id" BIGINT GENERATED BY DEFAULT AS IDENTITY(START WITH 1 RESTART WITH 3) DEFAULT ON NULL NOT NULL,
    "code" CHARACTER VARYING(64) NOT NULL,
    "site_id" BIGINT NOT NULL,
    "zone_id" BIGINT NOT NULL,
    "trigger_type" CHARACTER VARYING(24) NOT NULL,
    "reason" CHARACTER VARYING(500) NOT NULL,
    "status" CHARACTER VARYING(24) NOT NULL,
    "planned_at" TIMESTAMP NOT NULL,
    "started_at" TIMESTAMP,
    "ended_at" TIMESTAMP,
    "command_id" CHARACTER VARYING(64),
    "failure_reason" CHARACTER VARYING(500),
    "created_by" BIGINT NOT NULL
);
ALTER TABLE "PUBLIC"."sprinkler_task" ADD CONSTRAINT "PUBLIC"."CONSTRAINT_B8" PRIMARY KEY("id");
-- 2 +/- SELECT COUNT(*) FROM PUBLIC.sprinkler_task;
INSERT INTO "PUBLIC"."sprinkler_task"("id", "code", "site_id", "zone_id", "trigger_type", "reason", "status", "planned_at", "started_at", "ended_at", "command_id", "failure_reason", "created_by") VALUES(1, 'SPT-20260719-001', 1, 6, 'RULE', U&'PM2.5 \8fde\7eed\4e24\6b21\8d85\8fc7 75 \03bcg/m\00b3', 'EXECUTED', TIMESTAMP '2026-07-19 14:00:00', TIMESTAMP '2026-07-19 14:01:00', TIMESTAMP '2026-07-19 14:11:00', 'CMD-SP-001', NULL, 2);
INSERT INTO "PUBLIC"."sprinkler_task"("id", "code", "site_id", "zone_id", "trigger_type", "reason", "status", "planned_at", "started_at", "ended_at", "command_id", "failure_reason", "created_by") VALUES(2, 'SPT-3C831391', 1, 2, 'MANUAL', U&'\73b0\573a\9053\8def\626c\5c18\ff0c\9700\8981\4eba\5de5\55b7\6dcb\964d\5c18', 'EXECUTED', TIMESTAMP '2026-07-20 14:02:16.426235', TIMESTAMP '2026-07-20 14:02:18.385053', TIMESTAMP '2026-07-20 14:02:19.937329', 'CMD-52C329D5', NULL, 2);
CREATE INDEX "PUBLIC"."idx_sprinkler_task_site_time" ON "PUBLIC"."sprinkler_task"("site_id" NULLS FIRST, "planned_at" NULLS FIRST, "id" NULLS FIRST);
CREATE INDEX "PUBLIC"."idx_sprinkler_task_site_status_time" ON "PUBLIC"."sprinkler_task"("site_id" NULLS FIRST, "status" NULLS FIRST, "planned_at" NULLS FIRST, "id" NULLS FIRST);
CREATE INDEX "PUBLIC"."idx_sprinkler_task_site_zone_time" ON "PUBLIC"."sprinkler_task"("site_id" NULLS FIRST, "zone_id" NULLS FIRST, "planned_at" NULLS FIRST, "id" NULLS FIRST);
CREATE CACHED TABLE "PUBLIC"."audit_log"(
    "id" BIGINT GENERATED BY DEFAULT AS IDENTITY(START WITH 1 RESTART WITH 30) DEFAULT ON NULL NOT NULL,
    "user_id" BIGINT,
    "username" CHARACTER VARYING(50) NOT NULL,
    "action" CHARACTER VARYING(80) NOT NULL,
    "object_type" CHARACTER VARYING(50) NOT NULL,
    "object_id" CHARACTER VARYING(80),
    "detail" CHARACTER VARYING(1000),
    "trace_id" CHARACTER VARYING(64),
    "created_at" TIMESTAMP NOT NULL
);
ALTER TABLE "PUBLIC"."audit_log" ADD CONSTRAINT "PUBLIC"."CONSTRAINT_B83" PRIMARY KEY("id");
-- 28 +/- SELECT COUNT(*) FROM PUBLIC.audit_log;
INSERT INTO "PUBLIC"."audit_log"("id", "user_id", "username", "action", "object_type", "object_id", "detail", "trace_id", "created_at") VALUES(1, 2, 'supervisor', 'ALARM_CONFIRM', 'ALARM', '2', U&'\5df2\901a\77e5\8bbe\5907\7ba1\7406\5458\68c0\67e5\73b0\573a\7f51\5173', 'seed-data', TIMESTAMP '2026-07-19 15:10:00');
INSERT INTO "PUBLIC"."audit_log"("id", "user_id", "username", "action", "object_type", "object_id", "detail", "trace_id", "created_at") VALUES(2, 2, 'supervisor', 'RISK_CONFIRM', 'AI_RISK', '1', '', 'df8d522413534955837b7be2e075d07b', TIMESTAMP '2026-07-20 11:13:11.287929');
INSERT INTO "PUBLIC"."audit_log"("id", "user_id", "username", "action", "object_type", "object_id", "detail", "trace_id", "created_at") VALUES(3, 2, 'supervisor', 'AI_AGENT_CONVERSATION_CREATE', 'AI_AGENT_CONVERSATION', '1', U&'\521b\5efa AI Agent \4f1a\8bdd', '912f668f10a54b77a417f7c16a147482', TIMESTAMP '2026-07-20 13:40:45.287409');
INSERT INTO "PUBLIC"."audit_log"("id", "user_id", "username", "action", "object_type", "object_id", "detail", "trace_id", "created_at") VALUES(5, 2, 'supervisor', 'AI_AGENT_MESSAGE_SEND', 'AI_AGENT_CONVERSATION', '1', U&'\53d1\9001 AI Agent \95ee\7b54\ff1bmode=DEMO\ff1bmodel=demo-site-summary', 'a7b8ddef08494f4e95905ff6399c1752', TIMESTAMP '2026-07-20 13:42:03.630144');
INSERT INTO "PUBLIC"."audit_log"("id", "user_id", "username", "action", "object_type", "object_id", "detail", "trace_id", "created_at") VALUES(6, 2, 'supervisor', 'AI_AGENT_CONVERSATION_CREATE', 'AI_AGENT_CONVERSATION', '2', U&'\521b\5efa AI Agent \4f1a\8bdd', 'e6fb4e53a0a1469987b67954d5ad1b90', TIMESTAMP '2026-07-20 13:42:14.896587');
INSERT INTO "PUBLIC"."audit_log"("id", "user_id", "username", "action", "object_type", "object_id", "detail", "trace_id", "created_at") VALUES(7, 2, 'supervisor', 'AI_AGENT_MESSAGE_SEND', 'AI_AGENT_CONVERSATION', '2', U&'\53d1\9001 AI Agent \95ee\7b54\ff1bmode=DEMO\ff1bmodel=demo-site-summary', '48b4d3f5d52349ebb38a3aa0ab657801', TIMESTAMP '2026-07-20 13:42:14.912748');
INSERT INTO "PUBLIC"."audit_log"("id", "user_id", "username", "action", "object_type", "object_id", "detail", "trace_id", "created_at") VALUES(8, 2, 'supervisor', 'SPRINKLER_TASK_CREATE', 'SPRINKLER_TASK', '2', U&'\73b0\573a\9053\8def\626c\5c18\ff0c\9700\8981\4eba\5de5\55b7\6dcb\964d\5c18', '4d3f1c00b5e8427da85cc3dc7c4b0e17', TIMESTAMP '2026-07-20 14:02:16.430234');
INSERT INTO "PUBLIC"."audit_log"("id", "user_id", "username", "action", "object_type", "object_id", "detail", "trace_id", "created_at") VALUES(9, 2, 'supervisor', 'SPRINKLER_TASK_DISPATCH', 'SPRINKLER_TASK', '2', U&'\6f14\793a\6307\4ee4 CMD-52C329D5', 'e49932dd20a8422baccb92afb22fdb8a', TIMESTAMP '2026-07-20 14:02:18.385053');
INSERT INTO "PUBLIC"."audit_log"("id", "user_id", "username", "action", "object_type", "object_id", "detail", "trace_id", "created_at") VALUES(10, 2, 'supervisor', 'SPRINKLER_TASK_ACK', 'SPRINKLER_TASK', '2', 'EXECUTED', '70b632c58e824299a43b2516f716462e', TIMESTAMP '2026-07-20 14:02:19.939329');
INSERT INTO "PUBLIC"."audit_log"("id", "user_id", "username", "action", "object_type", "object_id", "detail", "trace_id", "created_at") VALUES(11, 2, 'supervisor', 'AI_AGENT_MESSAGE_SEND', 'AI_AGENT_CONVERSATION', '2', U&'\53d1\9001 AI Agent \95ee\7b54\ff1bmode=DEMO\ff1bmodel=demo-site-summary', '3b34ca9d67614235be297ee2afe4c658', TIMESTAMP '2026-07-20 14:03:11.797746');
INSERT INTO "PUBLIC"."audit_log"("id", "user_id", "username", "action", "object_type", "object_id", "detail", "trace_id", "created_at") VALUES(12, 2, 'supervisor', 'ALARM_CONFIRM', 'ALARM', '4', 'ada', 'd3e03ed9b9fd4827be75bc06a3cbfe13', TIMESTAMP '2026-07-20 14:03:26.261513');
INSERT INTO "PUBLIC"."audit_log"("id", "user_id", "username", "action", "object_type", "object_id", "detail", "trace_id", "created_at") VALUES(13, 2, 'supervisor', 'ALARM_RESOLVE', 'ALARM', '4', 'adwad', '7c79dbb3b49641e0a32ccf680d79a884', TIMESTAMP '2026-07-20 14:03:29.431333');
INSERT INTO "PUBLIC"."audit_log"("id", "user_id", "username", "action", "object_type", "object_id", "detail", "trace_id", "created_at") VALUES(14, 2, 'supervisor', 'ALARM_CLOSE', 'ALARM', '4', 'dadwa', '0e795159f69e442aa8e4b8013427b497', TIMESTAMP '2026-07-20 14:03:31.52545');
INSERT INTO "PUBLIC"."audit_log"("id", "user_id", "username", "action", "object_type", "object_id", "detail", "trace_id", "created_at") VALUES(15, 2, 'supervisor', 'LOGOUT', 'SESSION', NULL, U&'\7528\6237\9000\51fa\767b\5f55', 'a44226df1a4d4e41b44b3ce36d3926e6', TIMESTAMP '2026-07-20 14:03:51.266137');
INSERT INTO "PUBLIC"."audit_log"("id", "user_id", "username", "action", "object_type", "object_id", "detail", "trace_id", "created_at") VALUES(16, 2, 'supervisor', 'LOGOUT', 'SESSION', NULL, U&'\7528\6237\9000\51fa\767b\5f55', '424107f7fa4f43d79b4060ac29948b45', TIMESTAMP '2026-07-20 14:04:23.818965');
INSERT INTO "PUBLIC"."audit_log"("id", "user_id", "username", "action", "object_type", "object_id", "detail", "trace_id", "created_at") VALUES(17, 2, 'supervisor', 'LOGOUT', 'SESSION', NULL, U&'\7528\6237\9000\51fa\767b\5f55', 'eea65251c75c4d6eb78f3c26f4aade56', TIMESTAMP '2026-07-20 14:06:09.500905');
INSERT INTO "PUBLIC"."audit_log"("id", "user_id", "username", "action", "object_type", "object_id", "detail", "trace_id", "created_at") VALUES(18, 2, 'supervisor', 'LOGOUT', 'SESSION', NULL, U&'\7528\6237\9000\51fa\767b\5f55', '3cea56ebdb5c4b96949720d409f91fb3', TIMESTAMP '2026-07-20 14:09:34.449561');
INSERT INTO "PUBLIC"."audit_log"("id", "user_id", "username", "action", "object_type", "object_id", "detail", "trace_id", "created_at") VALUES(19, 1, 'admin', 'LOGOUT', 'SESSION', NULL, U&'\7528\6237\9000\51fa\767b\5f55', '7de867b363114034bbddbb1ecf2ace7a', TIMESTAMP '2026-07-20 14:11:32.441955');
INSERT INTO "PUBLIC"."audit_log"("id", "user_id", "username", "action", "object_type", "object_id", "detail", "trace_id", "created_at") VALUES(20, 3, 'device', 'AI_AGENT_CONVERSATION_CREATE', 'AI_AGENT_CONVERSATION', '3', U&'\521b\5efa AI Agent \4f1a\8bdd', 'ac9deed8f1804c9ea07778117dca8262', TIMESTAMP '2026-07-20 14:12:06.408224');
INSERT INTO "PUBLIC"."audit_log"("id", "user_id", "username", "action", "object_type", "object_id", "detail", "trace_id", "created_at") VALUES(21, 3, 'device', 'AI_AGENT_MESSAGE_SEND', 'AI_AGENT_CONVERSATION', '3', U&'\53d1\9001 AI Agent \95ee\7b54\ff1bmode=DEMO\ff1bmodel=demo-site-summary', '5b838eaa5b5f4061bf0354eaa8566635', TIMESTAMP '2026-07-20 14:12:06.421838');
INSERT INTO "PUBLIC"."audit_log"("id", "user_id", "username", "action", "object_type", "object_id", "detail", "trace_id", "created_at") VALUES(22, 3, 'device', 'AI_AGENT_CONVERSATION_CREATE', 'AI_AGENT_CONVERSATION', '4', U&'\521b\5efa AI Agent \4f1a\8bdd', '6451d0cd63544aae96df39b21ae43780', TIMESTAMP '2026-07-20 14:12:12.917236');
INSERT INTO "PUBLIC"."audit_log"("id", "user_id", "username", "action", "object_type", "object_id", "detail", "trace_id", "created_at") VALUES(23, 3, 'device', 'AI_AGENT_MESSAGE_SEND', 'AI_AGENT_CONVERSATION', '4', U&'\53d1\9001 AI Agent \95ee\7b54\ff1bmode=DEMO\ff1bmodel=demo-site-summary', 'bdae904f48a94a7eabd9b5b3b44cc3d8', TIMESTAMP '2026-07-20 14:12:12.930816');
INSERT INTO "PUBLIC"."audit_log"("id", "user_id", "username", "action", "object_type", "object_id", "detail", "trace_id", "created_at") VALUES(24, 3, 'device', 'AI_AGENT_CONVERSATION_CREATE', 'AI_AGENT_CONVERSATION', '5', U&'\521b\5efa AI Agent \4f1a\8bdd', 'df98c5b884e94517a3ad1e0060abd987', TIMESTAMP '2026-07-20 14:12:19.922459');
INSERT INTO "PUBLIC"."audit_log"("id", "user_id", "username", "action", "object_type", "object_id", "detail", "trace_id", "created_at") VALUES(25, 3, 'device', 'AI_AGENT_MESSAGE_SEND', 'AI_AGENT_CONVERSATION', '5', U&'\53d1\9001 AI Agent \95ee\7b54\ff1bmode=DEMO\ff1bmodel=demo-site-summary', '4a3e6181bf104ec68b0be2fb8e83b10e', TIMESTAMP '2026-07-20 14:12:19.931287');
INSERT INTO "PUBLIC"."audit_log"("id", "user_id", "username", "action", "object_type", "object_id", "detail", "trace_id", "created_at") VALUES(26, 2, 'supervisor', 'AI_AGENT_CONVERSATION_CREATE', 'AI_AGENT_CONVERSATION', '6', U&'\521b\5efa AI Agent \4f1a\8bdd', '531eca8622074c529b3c471cadd1e0d8', TIMESTAMP '2026-07-20 14:44:45.687432');
INSERT INTO "PUBLIC"."audit_log"("id", "user_id", "username", "action", "object_type", "object_id", "detail", "trace_id", "created_at") VALUES(27, 2, 'supervisor', 'AI_AGENT_MESSAGE_SEND', 'AI_AGENT_CONVERSATION', '6', U&'\53d1\9001 AI Agent \95ee\7b54\ff1bmode=DEMO\ff1bmodel=demo-site-summary', '1d7723d284234853b70bac2f838d4159', TIMESTAMP '2026-07-20 14:44:45.702517');
INSERT INTO "PUBLIC"."audit_log"("id", "user_id", "username", "action", "object_type", "object_id", "detail", "trace_id", "created_at") VALUES(28, 3, 'device', 'LOGOUT', 'SESSION', NULL, U&'\7528\6237\9000\51fa\767b\5f55', 'af0f28a9c9f5440f923cb7fd3638e679', TIMESTAMP '2026-07-20 14:56:02.753003');
INSERT INTO "PUBLIC"."audit_log"("id", "user_id", "username", "action", "object_type", "object_id", "detail", "trace_id", "created_at") VALUES(29, 1, 'admin', 'LOGOUT', 'SESSION', NULL, U&'\7528\6237\9000\51fa\767b\5f55', '544c12885af74958acf2ed103f121142', TIMESTAMP '2026-07-20 16:57:39.089564');
CREATE CACHED TABLE "PUBLIC"."ai_agent_conversation"(
    "id" BIGINT GENERATED BY DEFAULT AS IDENTITY(START WITH 1 RESTART WITH 7) DEFAULT ON NULL NOT NULL,
    "user_id" BIGINT NOT NULL,
    "site_id" BIGINT NOT NULL,
    "title" CHARACTER VARYING(80) NOT NULL,
    "created_at" TIMESTAMP NOT NULL,
    "updated_at" TIMESTAMP NOT NULL
);
ALTER TABLE "PUBLIC"."ai_agent_conversation" ADD CONSTRAINT "PUBLIC"."CONSTRAINT_AB" PRIMARY KEY("id");
-- 6 +/- SELECT COUNT(*) FROM PUBLIC.ai_agent_conversation;
INSERT INTO "PUBLIC"."ai_agent_conversation"("id", "user_id", "site_id", "title", "created_at", "updated_at") VALUES(1, 2, 1, U&'\4f60\597d', TIMESTAMP '2026-07-20 13:40:45.259348', TIMESTAMP '2026-07-20 13:42:03.627713');
INSERT INTO "PUBLIC"."ai_agent_conversation"("id", "user_id", "site_id", "title", "created_at", "updated_at") VALUES(2, 2, 1, 'a', TIMESTAMP '2026-07-20 13:42:14.89558', TIMESTAMP '2026-07-20 14:03:11.795658');
INSERT INTO "PUBLIC"."ai_agent_conversation"("id", "user_id", "site_id", "title", "created_at", "updated_at") VALUES(3, 3, 1, U&'\6c47\603b\5f53\524d\5de5\5730\5c1a\672a\95ed\73af\7684\544a\8b66\3002', TIMESTAMP '2026-07-20 14:12:06.406224', TIMESTAMP '2026-07-20 14:12:06.421738');
INSERT INTO "PUBLIC"."ai_agent_conversation"("id", "user_id", "site_id", "title", "created_at", "updated_at") VALUES(4, 3, 1, U&'\5f53\524d\6709\591a\5c11\6761 AI \98ce\9669\5f85\4eba\5de5\590d\6838\ff1f', TIMESTAMP '2026-07-20 14:12:12.916146', TIMESTAMP '2026-07-20 14:12:12.929814');
INSERT INTO "PUBLIC"."ai_agent_conversation"("id", "user_id", "site_id", "title", "created_at", "updated_at") VALUES(5, 3, 1, U&'\6982\89c8\5f53\524d\73af\5883\8054\52a8\4e0e\55b7\6dcb\4efb\52a1\3002', TIMESTAMP '2026-07-20 14:12:19.920766', TIMESTAMP '2026-07-20 14:12:19.930784');
INSERT INTO "PUBLIC"."ai_agent_conversation"("id", "user_id", "site_id", "title", "created_at", "updated_at") VALUES(6, 2, 1, 'sdadas', TIMESTAMP '2026-07-20 14:44:45.686432', TIMESTAMP '2026-07-20 14:44:45.702012');
CREATE INDEX "PUBLIC"."idx_ai_agent_conversation_owner_time" ON "PUBLIC"."ai_agent_conversation"("user_id" NULLS FIRST, "site_id" NULLS FIRST, "updated_at" NULLS FIRST, "id" NULLS FIRST);
CREATE CACHED TABLE "PUBLIC"."ai_agent_message"(
    "id" BIGINT GENERATED BY DEFAULT AS IDENTITY(START WITH 1 RESTART WITH 17) DEFAULT ON NULL NOT NULL,
    "conversation_id" BIGINT NOT NULL,
    "role" CHARACTER VARYING(16) NOT NULL,
    "content" CHARACTER LARGE OBJECT NOT NULL,
    "provider_mode" CHARACTER VARYING(32),
    "provider_model" CHARACTER VARYING(100),
    "created_at" TIMESTAMP NOT NULL
);
ALTER TABLE "PUBLIC"."ai_agent_message" ADD CONSTRAINT "PUBLIC"."CONSTRAINT_46" PRIMARY KEY("id");
-- 14 +/- SELECT COUNT(*) FROM PUBLIC.ai_agent_message;
INSERT INTO "PUBLIC"."ai_agent_message"("id", "conversation_id", "role", "content", "provider_mode", "provider_model", "created_at") VALUES(3, 1, 'USER', U&'\4f60\597d', NULL, NULL, TIMESTAMP '2026-07-20 13:42:03.626713');
INSERT INTO "PUBLIC"."ai_agent_message"("id", "conversation_id", "role", "content", "provider_mode", "provider_model", "created_at") VALUES(4, 1, 'ASSISTANT', U&'\3010\6f14\793a\6a21\5f0f\3011\4ee5\4e0b\7b54\590d\7531\672c\5730\89c4\5219\548c\5f53\524d\5de5\5730\6570\636e\5e93\6458\8981\751f\6210\ff0c\672a\8c03\7528\5916\90e8\5927\6a21\578b\ff0c\4e0d\5e94\89c6\4e3a\771f\5b9e\6a21\578b\63a8\7406\6216\73b0\573a\5904\7f6e\7ed3\8bba\3002\000a\000a\7edf\8ba1\65f6\95f4\ff1a2026-07-20 13:42:03\ff08Asia/Shanghai\ff09\000a\6570\636e\6765\6e90\53e3\5f84\ff1a\5f53\524d\6388\6743\5de5\5730 site_id=1 \7684 site\3001zone\3001device\3001alarm\3001ai_risk\3001sprinkler_task\3001telemetry \8868\5b9e\65f6\805a\5408\ff1b\6d3b\52a8\544a\8b66\4ec5\7edf\8ba1 PENDING/PROCESSING\ff0c\5f85\590d\6838 AI \98ce\9669\4ec5\7edf\8ba1 PENDING_REVIEW\ff0c\8bbe\5907\5728\7ebf/\79bb\7ebf\4ec5\7edf\8ba1 enabled=true\ff0c\6700\8fd1\9065\6d4b\53d6 collected_at \6700\5927\503c\3002\000a\5de5\5730\ff1a\8d35\5dde\5927\5b66\4e1c\6821\533a\5b9e\8bad\5de5\5730\ff1b\533a\57df 6 \4e2a\ff1b\8bbe\5907 12 \53f0\ff08\5728\7ebf 9\3001\79bb\7ebf 2\ff09\ff1b\6d3b\52a8\544a\8b66 3 \6761\ff08\9ad8\7b49\7ea7 2\ff09\ff1b\5f85\590d\6838 AI \98ce\9669 0 \6761\ff1b\5f85\6267\884c/\6267\884c\4e2d\55b7\6dcb 0 \6761\ff1b\6700\8fd1\9065\6d4b\65f6\95f4\ff1a2026-07-19 16:30:00\3002\000a\000a\9488\5bf9\4f60\7684\95ee\9898\ff1a\5f53\524d\5de5\5730\5171\6709 12 \53f0\8bbe\5907\30013 \6761\6d3b\52a8\544a\8b66\548c 0 \6761\5f85\590d\6838 AI \98ce\9669\3002', 'DEMO', 'demo-site-summary', TIMESTAMP '2026-07-20 13:42:03.627713');
INSERT INTO "PUBLIC"."ai_agent_message"("id", "conversation_id", "role", "content", "provider_mode", "provider_model", "created_at") VALUES(5, 2, 'USER', 'a', NULL, NULL, TIMESTAMP '2026-07-20 13:42:14.910747');
INSERT INTO "PUBLIC"."ai_agent_message"("id", "conversation_id", "role", "content", "provider_mode", "provider_model", "created_at") VALUES(6, 2, 'ASSISTANT', U&'\3010\6f14\793a\6a21\5f0f\3011\4ee5\4e0b\7b54\590d\7531\672c\5730\89c4\5219\548c\5f53\524d\5de5\5730\6570\636e\5e93\6458\8981\751f\6210\ff0c\672a\8c03\7528\5916\90e8\5927\6a21\578b\ff0c\4e0d\5e94\89c6\4e3a\771f\5b9e\6a21\578b\63a8\7406\6216\73b0\573a\5904\7f6e\7ed3\8bba\3002\000a\000a\7edf\8ba1\65f6\95f4\ff1a2026-07-20 13:42:14\ff08Asia/Shanghai\ff09\000a\6570\636e\6765\6e90\53e3\5f84\ff1a\5f53\524d\6388\6743\5de5\5730 site_id=1 \7684 site\3001zone\3001device\3001alarm\3001ai_risk\3001sprinkler_task\3001telemetry \8868\5b9e\65f6\805a\5408\ff1b\6d3b\52a8\544a\8b66\4ec5\7edf\8ba1 PENDING/PROCESSING\ff0c\5f85\590d\6838 AI \98ce\9669\4ec5\7edf\8ba1 PENDING_REVIEW\ff0c\8bbe\5907\5728\7ebf/\79bb\7ebf\4ec5\7edf\8ba1 enabled=true\ff0c\6700\8fd1\9065\6d4b\53d6 collected_at \6700\5927\503c\3002\000a\5de5\5730\ff1a\8d35\5dde\5927\5b66\4e1c\6821\533a\5b9e\8bad\5de5\5730\ff1b\533a\57df 6 \4e2a\ff1b\8bbe\5907 12 \53f0\ff08\5728\7ebf 9\3001\79bb\7ebf 2\ff09\ff1b\6d3b\52a8\544a\8b66 3 \6761\ff08\9ad8\7b49\7ea7 2\ff09\ff1b\5f85\590d\6838 AI \98ce\9669 0 \6761\ff1b\5f85\6267\884c/\6267\884c\4e2d\55b7\6dcb 0 \6761\ff1b\6700\8fd1\9065\6d4b\65f6\95f4\ff1a2026-07-19 16:30:00\3002\000a\000a\9488\5bf9\4f60\7684\95ee\9898\ff1a\5f53\524d\5de5\5730\5171\6709 12 \53f0\8bbe\5907\30013 \6761\6d3b\52a8\544a\8b66\548c 0 \6761\5f85\590d\6838 AI \98ce\9669\3002', 'DEMO', 'demo-site-summary', TIMESTAMP '2026-07-20 13:42:14.911747');
INSERT INTO "PUBLIC"."ai_agent_message"("id", "conversation_id", "role", "content", "provider_mode", "provider_model", "created_at") VALUES(7, 2, 'USER', 'sadasdas', NULL, NULL, TIMESTAMP '2026-07-20 14:03:11.794658');
INSERT INTO "PUBLIC"."ai_agent_message"("id", "conversation_id", "role", "content", "provider_mode", "provider_model", "created_at") VALUES(8, 2, 'ASSISTANT', U&'\3010\6f14\793a\6a21\5f0f\3011\4ee5\4e0b\7b54\590d\7531\672c\5730\89c4\5219\548c\5f53\524d\5de5\5730\6570\636e\5e93\6458\8981\751f\6210\ff0c\672a\8c03\7528\5916\90e8\5927\6a21\578b\ff0c\4e0d\5e94\89c6\4e3a\771f\5b9e\6a21\578b\63a8\7406\6216\73b0\573a\5904\7f6e\7ed3\8bba\3002\000a\000a\7edf\8ba1\65f6\95f4\ff1a2026-07-20 14:03:11\ff08Asia/Shanghai\ff09\000a\6570\636e\6765\6e90\53e3\5f84\ff1a\5f53\524d\6388\6743\5de5\5730 site_id=1 \7684 site\3001zone\3001device\3001alarm\3001ai_risk\3001sprinkler_task\3001telemetry \8868\5b9e\65f6\805a\5408\ff1b\6d3b\52a8\544a\8b66\4ec5\7edf\8ba1 PENDING/PROCESSING\ff0c\5f85\590d\6838 AI \98ce\9669\4ec5\7edf\8ba1 PENDING_REVIEW\ff0c\8bbe\5907\5728\7ebf/\79bb\7ebf\4ec5\7edf\8ba1 enabled=true\ff0c\6700\8fd1\9065\6d4b\53d6 collected_at \6700\5927\503c\3002\000a\5de5\5730\ff1a\8d35\5dde\5927\5b66\4e1c\6821\533a\5b9e\8bad\5de5\5730\ff1b\533a\57df 6 \4e2a\ff1b\8bbe\5907 12 \53f0\ff08\5728\7ebf 9\3001\79bb\7ebf 2\ff09\ff1b\6d3b\52a8\544a\8b66 3 \6761\ff08\9ad8\7b49\7ea7 2\ff09\ff1b\5f85\590d\6838 AI \98ce\9669 0 \6761\ff1b\5f85\6267\884c/\6267\884c\4e2d\55b7\6dcb 0 \6761\ff1b\6700\8fd1\9065\6d4b\65f6\95f4\ff1a2026-07-19 16:30:00\3002\000a\000a\9488\5bf9\4f60\7684\95ee\9898\ff1a\5f53\524d\5de5\5730\5171\6709 12 \53f0\8bbe\5907\30013 \6761\6d3b\52a8\544a\8b66\548c 0 \6761\5f85\590d\6838 AI \98ce\9669\3002', 'DEMO', 'demo-site-summary', TIMESTAMP '2026-07-20 14:03:11.795658');
INSERT INTO "PUBLIC"."ai_agent_message"("id", "conversation_id", "role", "content", "provider_mode", "provider_model", "created_at") VALUES(9, 3, 'USER', U&'\6c47\603b\5f53\524d\5de5\5730\5c1a\672a\95ed\73af\7684\544a\8b66\3002', NULL, NULL, TIMESTAMP '2026-07-20 14:12:06.420738');
INSERT INTO "PUBLIC"."ai_agent_message"("id", "conversation_id", "role", "content", "provider_mode", "provider_model", "created_at") VALUES(10, 3, 'ASSISTANT', U&'\3010\6f14\793a\6a21\5f0f\3011\4ee5\4e0b\7b54\590d\7531\672c\5730\89c4\5219\548c\5f53\524d\5de5\5730\6570\636e\5e93\6458\8981\751f\6210\ff0c\672a\8c03\7528\5916\90e8\5927\6a21\578b\ff0c\4e0d\5e94\89c6\4e3a\771f\5b9e\6a21\578b\63a8\7406\6216\73b0\573a\5904\7f6e\7ed3\8bba\3002\000a\000a\7edf\8ba1\65f6\95f4\ff1a2026-07-20 14:12:06\ff08Asia/Shanghai\ff09\000a\6570\636e\6765\6e90\53e3\5f84\ff1a\5f53\524d\6388\6743\5de5\5730 site_id=1 \7684 site\3001zone\3001device\3001alarm\3001ai_risk\3001sprinkler_task\3001telemetry \8868\5b9e\65f6\805a\5408\ff1b\6d3b\52a8\544a\8b66\4ec5\7edf\8ba1 PENDING/PROCESSING\ff0c\5f85\590d\6838 AI \98ce\9669\4ec5\7edf\8ba1 PENDING_REVIEW\ff0c\8bbe\5907\5728\7ebf/\79bb\7ebf\4ec5\7edf\8ba1 enabled=true\ff0c\6700\8fd1\9065\6d4b\53d6 collected_at \6700\5927\503c\3002\000a\5de5\5730\ff1a\8d35\5dde\5927\5b66\4e1c\6821\533a\5b9e\8bad\5de5\5730\ff1b\533a\57df 6 \4e2a\ff1b\8bbe\5907 12 \53f0\ff08\5728\7ebf 9\3001\79bb\7ebf 2\ff09\ff1b\6d3b\52a8\544a\8b66 2 \6761\ff08\9ad8\7b49\7ea7 1\ff09\ff1b\5f85\590d\6838 AI \98ce\9669 0 \6761\ff1b\5f85\6267\884c/\6267\884c\4e2d\55b7\6dcb 0 \6761\ff1b\6700\8fd1\9065\6d4b\65f6\95f4\ff1a2026-07-19 16:30:00\3002\000a\000a\9488\5bf9\4f60\7684\95ee\9898\ff1a\5f53\524d\6709 2 \6761\6d3b\52a8\544a\8b66\ff0c\5176\4e2d\9ad8\7b49\7ea7 1 \6761\3002\5efa\8bae\5148\5728\544a\8b66\4e2d\5fc3\6838\5bf9\9ad8\7b49\7ea7\4e14\4ecd\4e3a\5f85\5904\7406\7684\8bb0\5f55\3002', 'DEMO', 'demo-site-summary', TIMESTAMP '2026-07-20 14:12:06.421738');
INSERT INTO "PUBLIC"."ai_agent_message"("id", "conversation_id", "role", "content", "provider_mode", "provider_model", "created_at") VALUES(11, 4, 'USER', U&'\5f53\524d\6709\591a\5c11\6761 AI \98ce\9669\5f85\4eba\5de5\590d\6838\ff1f', NULL, NULL, TIMESTAMP '2026-07-20 14:12:12.928814');
INSERT INTO "PUBLIC"."ai_agent_message"("id", "conversation_id", "role", "content", "provider_mode", "provider_model", "created_at") VALUES(12, 4, 'ASSISTANT', U&'\3010\6f14\793a\6a21\5f0f\3011\4ee5\4e0b\7b54\590d\7531\672c\5730\89c4\5219\548c\5f53\524d\5de5\5730\6570\636e\5e93\6458\8981\751f\6210\ff0c\672a\8c03\7528\5916\90e8\5927\6a21\578b\ff0c\4e0d\5e94\89c6\4e3a\771f\5b9e\6a21\578b\63a8\7406\6216\73b0\573a\5904\7f6e\7ed3\8bba\3002\000a\000a\7edf\8ba1\65f6\95f4\ff1a2026-07-20 14:12:12\ff08Asia/Shanghai\ff09\000a\6570\636e\6765\6e90\53e3\5f84\ff1a\5f53\524d\6388\6743\5de5\5730 site_id=1 \7684 site\3001zone\3001device\3001alarm\3001ai_risk\3001sprinkler_task\3001telemetry \8868\5b9e\65f6\805a\5408\ff1b\6d3b\52a8\544a\8b66\4ec5\7edf\8ba1 PENDING/PROCESSING\ff0c\5f85\590d\6838 AI \98ce\9669\4ec5\7edf\8ba1 PENDING_REVIEW\ff0c\8bbe\5907\5728\7ebf/\79bb\7ebf\4ec5\7edf\8ba1 enabled=true\ff0c\6700\8fd1\9065\6d4b\53d6 collected_at \6700\5927\503c\3002\000a\5de5\5730\ff1a\8d35\5dde\5927\5b66\4e1c\6821\533a\5b9e\8bad\5de5\5730\ff1b\533a\57df 6 \4e2a\ff1b\8bbe\5907 12 \53f0\ff08\5728\7ebf 9\3001\79bb\7ebf 2\ff09\ff1b\6d3b\52a8\544a\8b66 2 \6761\ff08\9ad8\7b49\7ea7 1\ff09\ff1b\5f85\590d\6838 AI \98ce\9669 0 \6761\ff1b\5f85\6267\884c/\6267\884c\4e2d\55b7\6dcb 0 \6761\ff1b\6700\8fd1\9065\6d4b\65f6\95f4\ff1a2026-07-19 16:30:00\3002\000a\000a\9488\5bf9\4f60\7684\95ee\9898\ff1a\5f53\524d\6709 0 \6761 AI \98ce\9669\7b49\5f85\4eba\5de5\590d\6838\3002\6f14\793a\6a21\5f0f\4e0d\4f1a\628a\8bc6\522b\7ed3\679c\76f4\63a5\5f53\4f5c\5df2\786e\8ba4\4e8b\6545\3002', 'DEMO', 'demo-site-summary', TIMESTAMP '2026-07-20 14:12:12.929814');
INSERT INTO "PUBLIC"."ai_agent_message"("id", "conversation_id", "role", "content", "provider_mode", "provider_model", "created_at") VALUES(13, 5, 'USER', U&'\6982\89c8\5f53\524d\73af\5883\8054\52a8\4e0e\55b7\6dcb\4efb\52a1\3002', NULL, NULL, TIMESTAMP '2026-07-20 14:12:19.929784');
INSERT INTO "PUBLIC"."ai_agent_message"("id", "conversation_id", "role", "content", "provider_mode", "provider_model", "created_at") VALUES(14, 5, 'ASSISTANT', U&'\3010\6f14\793a\6a21\5f0f\3011\4ee5\4e0b\7b54\590d\7531\672c\5730\89c4\5219\548c\5f53\524d\5de5\5730\6570\636e\5e93\6458\8981\751f\6210\ff0c\672a\8c03\7528\5916\90e8\5927\6a21\578b\ff0c\4e0d\5e94\89c6\4e3a\771f\5b9e\6a21\578b\63a8\7406\6216\73b0\573a\5904\7f6e\7ed3\8bba\3002\000a\000a\7edf\8ba1\65f6\95f4\ff1a2026-07-20 14:12:19\ff08Asia/Shanghai\ff09\000a\6570\636e\6765\6e90\53e3\5f84\ff1a\5f53\524d\6388\6743\5de5\5730 site_id=1 \7684 site\3001zone\3001device\3001alarm\3001ai_risk\3001sprinkler_task\3001telemetry \8868\5b9e\65f6\805a\5408\ff1b\6d3b\52a8\544a\8b66\4ec5\7edf\8ba1 PENDING/PROCESSING\ff0c\5f85\590d\6838 AI \98ce\9669\4ec5\7edf\8ba1 PENDING_REVIEW\ff0c\8bbe\5907\5728\7ebf/\79bb\7ebf\4ec5\7edf\8ba1 enabled=true\ff0c\6700\8fd1\9065\6d4b\53d6 collected_at \6700\5927\503c\3002\000a\5de5\5730\ff1a\8d35\5dde\5927\5b66\4e1c\6821\533a\5b9e\8bad\5de5\5730\ff1b\533a\57df 6 \4e2a\ff1b\8bbe\5907 12 \53f0\ff08\5728\7ebf 9\3001\79bb\7ebf 2\ff09\ff1b\6d3b\52a8\544a\8b66 2 \6761\ff08\9ad8\7b49\7ea7 1\ff09\ff1b\5f85\590d\6838 AI \98ce\9669 0 \6761\ff1b\5f85\6267\884c/\6267\884c\4e2d\55b7\6dcb 0 \6761\ff1b\6700\8fd1\9065\6d4b\65f6\95f4\ff1a2026-07-19 16:30:00\3002\000a\000a\9488\5bf9\4f60\7684\95ee\9898\ff1a\5f53\524d\6709 0 \6761\5f85\6267\884c\6216\6267\884c\4e2d\7684\55b7\6dcb\4efb\52a1\3002\5177\4f53\73af\5883\6307\6807\8bf7\4ee5\73af\5883\76d1\6d4b\9875\9762\7684\8bbe\5907\9065\6d4b\4e3a\51c6\3002', 'DEMO', 'demo-site-summary', TIMESTAMP '2026-07-20 14:12:19.930784');
INSERT INTO "PUBLIC"."ai_agent_message"("id", "conversation_id", "role", "content", "provider_mode", "provider_model", "created_at") VALUES(15, 6, 'USER', 'sdadas', NULL, NULL, TIMESTAMP '2026-07-20 14:44:45.701012');
INSERT INTO "PUBLIC"."ai_agent_message"("id", "conversation_id", "role", "content", "provider_mode", "provider_model", "created_at") VALUES(16, 6, 'ASSISTANT', U&'\3010\6f14\793a\6a21\5f0f\3011\4ee5\4e0b\7b54\590d\7531\672c\5730\89c4\5219\548c\5f53\524d\5de5\5730\6570\636e\5e93\6458\8981\751f\6210\ff0c\672a\8c03\7528\5916\90e8\5927\6a21\578b\ff0c\4e0d\5e94\89c6\4e3a\771f\5b9e\6a21\578b\63a8\7406\6216\73b0\573a\5904\7f6e\7ed3\8bba\3002\000a\000a\7edf\8ba1\65f6\95f4\ff1a2026-07-20 14:44:45\ff08Asia/Shanghai\ff09\000a\6570\636e\6765\6e90\53e3\5f84\ff1a\5f53\524d\6388\6743\5de5\5730 site_id=1 \7684 site\3001zone\3001device\3001alarm\3001ai_risk\3001sprinkler_task\3001telemetry \8868\5b9e\65f6\805a\5408\ff1b\6d3b\52a8\544a\8b66\4ec5\7edf\8ba1 PENDING/PROCESSING\ff0c\5f85\590d\6838 AI \98ce\9669\4ec5\7edf\8ba1 PENDING_REVIEW\ff0c\8bbe\5907\5728\7ebf/\79bb\7ebf\4ec5\7edf\8ba1 enabled=true\ff0c\6700\8fd1\9065\6d4b\53d6 collected_at \6700\5927\503c\3002\000a\5de5\5730\ff1a\8d35\5dde\5927\5b66\4e1c\6821\533a\5b9e\8bad\5de5\5730\ff1b\533a\57df 6 \4e2a\ff1b\8bbe\5907 12 \53f0\ff08\5728\7ebf 9\3001\79bb\7ebf 2\ff09\ff1b\6d3b\52a8\544a\8b66 2 \6761\ff08\9ad8\7b49\7ea7 1\ff09\ff1b\5f85\590d\6838 AI \98ce\9669 0 \6761\ff1b\5f85\6267\884c/\6267\884c\4e2d\55b7\6dcb 0 \6761\ff1b\6700\8fd1\9065\6d4b\65f6\95f4\ff1a2026-07-19 16:30:00\3002\000a\000a\9488\5bf9\4f60\7684\95ee\9898\ff1a\5f53\524d\5de5\5730\5171\6709 12 \53f0\8bbe\5907\30012 \6761\6d3b\52a8\544a\8b66\548c 0 \6761\5f85\590d\6838 AI \98ce\9669\3002', 'DEMO', 'demo-site-summary', TIMESTAMP '2026-07-20 14:44:45.702012');
CREATE INDEX "PUBLIC"."idx_ai_agent_message_conversation_time" ON "PUBLIC"."ai_agent_message"("conversation_id" NULLS FIRST, "created_at" NULLS FIRST, "id" NULLS FIRST);
CREATE CACHED TABLE "PUBLIC"."knowledge_document"(
    "id" BIGINT GENERATED BY DEFAULT AS IDENTITY(START WITH 1) DEFAULT ON NULL NOT NULL,
    "site_id" BIGINT NOT NULL,
    "title" CHARACTER VARYING(160) NOT NULL,
    "category" CHARACTER VARYING(80) NOT NULL,
    "source_reference" CHARACTER VARYING(500),
    "content" CHARACTER LARGE OBJECT NOT NULL,
    "version" INTEGER DEFAULT 1 NOT NULL,
    "status" CHARACTER VARYING(24) NOT NULL,
    "created_by" BIGINT NOT NULL,
    "reviewed_by" BIGINT,
    "review_note" CHARACTER VARYING(500),
    "created_at" TIMESTAMP NOT NULL,
    "updated_at" TIMESTAMP NOT NULL,
    "reviewed_at" TIMESTAMP
);
ALTER TABLE "PUBLIC"."knowledge_document" ADD CONSTRAINT "PUBLIC"."CONSTRAINT_4B" PRIMARY KEY("id");
-- 0 +/- SELECT COUNT(*) FROM PUBLIC.knowledge_document;
CREATE INDEX "PUBLIC"."idx_knowledge_document_site_status_time" ON "PUBLIC"."knowledge_document"("site_id" NULLS FIRST, "status" NULLS FIRST, "updated_at" NULLS FIRST, "id" NULLS FIRST);
CREATE CACHED TABLE "PUBLIC"."report_template"(
    "id" BIGINT GENERATED BY DEFAULT AS IDENTITY(START WITH 1 RESTART WITH 2) DEFAULT ON NULL NOT NULL,
    "site_id" BIGINT NOT NULL,
    "name" CHARACTER VARYING(120) NOT NULL,
    "description" CHARACTER VARYING(500),
    "body_template" CHARACTER LARGE OBJECT NOT NULL,
    "enabled" BOOLEAN DEFAULT TRUE NOT NULL,
    "created_by" BIGINT NOT NULL,
    "updated_by" BIGINT NOT NULL,
    "created_at" TIMESTAMP NOT NULL,
    "updated_at" TIMESTAMP NOT NULL
);
ALTER TABLE "PUBLIC"."report_template" ADD CONSTRAINT "PUBLIC"."CONSTRAINT_8" PRIMARY KEY("id");
-- 1 +/- SELECT COUNT(*) FROM PUBLIC.report_template;
INSERT INTO "PUBLIC"."report_template"("id", "site_id", "name", "description", "body_template", "enabled", "created_by", "updated_by", "created_at", "updated_at") VALUES(1, 1, U&'\5b89\5168\8fd0\884c\65e5\62a5', U&'\6839\636e\5f53\524d\5de5\5730\4e1a\52a1\6570\636e\751f\6210\ff0c\987b\7ecf\4eba\5de5\5ba1\6838\540e\65b9\53ef\63a8\9001\3002', U&'# {{siteName}} \5b89\5168\8fd0\884c\62a5\544a\000a\000a\751f\6210\65f6\95f4\ff1a{{generatedAt}}\000a\000a## \8fd0\884c\6458\8981\000a\000a- \8bbe\5907\603b\6570\ff1a{{deviceTotal}}\000a- \542f\7528\4e14\5728\7ebf\8bbe\5907\ff1a{{onlineDeviceTotal}}\000a- \6d3b\52a8\544a\8b66\ff1a{{activeAlarmTotal}}\ff0c\5176\4e2d\9ad8\7b49\7ea7\ff1a{{highAlarmTotal}}\000a- \5f85\590d\6838\89c6\89c9\98ce\9669\ff1a{{pendingRiskTotal}}\000a- \5f85\6267\884c\6216\6267\884c\4e2d\55b7\6dcb\4efb\52a1\ff1a{{pendingSprinklerTotal}}\000a\000a## \4eba\5de5\5ba1\6838\000a\000a\8bf7\7ed3\5408\73b0\573a\8bb0\5f55\8865\5145\5904\7f6e\7ed3\8bba\3002\62a5\544a\5ba1\6838\901a\8fc7\524d\4e0d\5f97\5bf9\5916\63a8\9001\3002', TRUE, 1, 1, TIMESTAMP '2026-07-20 16:48:02.825504', TIMESTAMP '2026-07-20 16:48:02.825504');
CREATE INDEX "PUBLIC"."idx_report_template_site_enabled_time" ON "PUBLIC"."report_template"("site_id" NULLS FIRST, "enabled" NULLS FIRST, "updated_at" NULLS FIRST, "id" NULLS FIRST);
CREATE CACHED TABLE "PUBLIC"."safety_report"(
    "id" BIGINT GENERATED BY DEFAULT AS IDENTITY(START WITH 1) DEFAULT ON NULL NOT NULL,
    "code" CHARACTER VARYING(64) NOT NULL,
    "site_id" BIGINT NOT NULL,
    "template_id" BIGINT,
    "title" CHARACTER VARYING(160) NOT NULL,
    "content" CHARACTER LARGE OBJECT NOT NULL,
    "status" CHARACTER VARYING(24) NOT NULL,
    "created_by" BIGINT NOT NULL,
    "reviewed_by" BIGINT,
    "review_note" CHARACTER VARYING(500),
    "created_at" TIMESTAMP NOT NULL,
    "updated_at" TIMESTAMP NOT NULL,
    "reviewed_at" TIMESTAMP
);
ALTER TABLE "PUBLIC"."safety_report" ADD CONSTRAINT "PUBLIC"."CONSTRAINT_7" PRIMARY KEY("id");
-- 0 +/- SELECT COUNT(*) FROM PUBLIC.safety_report;
CREATE INDEX "PUBLIC"."idx_safety_report_site_status_time" ON "PUBLIC"."safety_report"("site_id" NULLS FIRST, "status" NULLS FIRST, "updated_at" NULLS FIRST, "id" NULLS FIRST);
CREATE CACHED TABLE "PUBLIC"."push_channel"(
    "id" BIGINT GENERATED BY DEFAULT AS IDENTITY(START WITH 1 RESTART WITH 2) DEFAULT ON NULL NOT NULL,
    "site_id" BIGINT NOT NULL,
    "name" CHARACTER VARYING(120) NOT NULL,
    "type" CHARACTER VARYING(24) NOT NULL,
    "endpoint_url" CHARACTER VARYING(500),
    "credential_env_name" CHARACTER VARYING(100),
    "enabled" BOOLEAN DEFAULT TRUE NOT NULL,
    "created_by" BIGINT NOT NULL,
    "created_at" TIMESTAMP NOT NULL,
    "updated_at" TIMESTAMP NOT NULL
);
ALTER TABLE "PUBLIC"."push_channel" ADD CONSTRAINT "PUBLIC"."CONSTRAINT_1" PRIMARY KEY("id");
-- 1 +/- SELECT COUNT(*) FROM PUBLIC.push_channel;
INSERT INTO "PUBLIC"."push_channel"("id", "site_id", "name", "type", "endpoint_url", "credential_env_name", "enabled", "created_by", "created_at", "updated_at") VALUES(1, 1, U&'\5e73\53f0\5ba1\8ba1\8bb0\5f55', 'LOG', NULL, NULL, TRUE, 1, TIMESTAMP '2026-07-20 16:48:02.825504', TIMESTAMP '2026-07-20 16:48:02.825504');
CREATE INDEX "PUBLIC"."idx_push_channel_site_enabled" ON "PUBLIC"."push_channel"("site_id" NULLS FIRST, "enabled" NULLS FIRST, "id" NULLS FIRST);
CREATE CACHED TABLE "PUBLIC"."push_delivery"(
    "id" BIGINT GENERATED BY DEFAULT AS IDENTITY(START WITH 1) DEFAULT ON NULL NOT NULL,
    "report_id" BIGINT NOT NULL,
    "channel_id" BIGINT NOT NULL,
    "status" CHARACTER VARYING(24) NOT NULL,
    "attempt_count" INTEGER DEFAULT 0 NOT NULL,
    "http_status" INTEGER,
    "error_message" CHARACTER VARYING(500),
    "created_by" BIGINT NOT NULL,
    "created_at" TIMESTAMP NOT NULL,
    "completed_at" TIMESTAMP
);
ALTER TABLE "PUBLIC"."push_delivery" ADD CONSTRAINT "PUBLIC"."CONSTRAINT_34" PRIMARY KEY("id");
-- 0 +/- SELECT COUNT(*) FROM PUBLIC.push_delivery;
CREATE INDEX "PUBLIC"."idx_push_delivery_report_time" ON "PUBLIC"."push_delivery"("report_id" NULLS FIRST, "created_at" NULLS FIRST, "id" NULLS FIRST);
CREATE CACHED TABLE "PUBLIC"."ai_agent_provider_config"(
    "user_id" BIGINT NOT NULL,
    "base_url" CHARACTER VARYING(500) NOT NULL,
    "model" CHARACTER VARYING(100) NOT NULL,
    "encrypted_api_key" CHARACTER VARYING(2048),
    "created_at" TIMESTAMP NOT NULL,
    "updated_at" TIMESTAMP NOT NULL
);
ALTER TABLE "PUBLIC"."ai_agent_provider_config" ADD CONSTRAINT "PUBLIC"."CONSTRAINT_17" PRIMARY KEY("user_id");
-- 0 +/- SELECT COUNT(*) FROM PUBLIC.ai_agent_provider_config;
ALTER TABLE "PUBLIC"."app_user" ADD CONSTRAINT "PUBLIC"."CONSTRAINT_45" UNIQUE("username");
ALTER TABLE "PUBLIC"."sprinkler_task" ADD CONSTRAINT "PUBLIC"."CONSTRAINT_B8D" UNIQUE("code");
ALTER TABLE "PUBLIC"."safety_report" ADD CONSTRAINT "PUBLIC"."CONSTRAINT_75" UNIQUE("code");
ALTER TABLE "PUBLIC"."site" ADD CONSTRAINT "PUBLIC"."CONSTRAINT_35" UNIQUE("code");
ALTER TABLE "PUBLIC"."zone" ADD CONSTRAINT "PUBLIC"."CONSTRAINT_392" UNIQUE("code");
ALTER TABLE "PUBLIC"."alarm" ADD CONSTRAINT "PUBLIC"."CONSTRAINT_58" UNIQUE("code");
ALTER TABLE "PUBLIC"."camera" ADD CONSTRAINT "PUBLIC"."CONSTRAINT_AE" UNIQUE("code");
ALTER TABLE "PUBLIC"."device" ADD CONSTRAINT "PUBLIC"."CONSTRAINT_B0" UNIQUE("code");
ALTER TABLE "PUBLIC"."telemetry" ADD CONSTRAINT "PUBLIC"."uq_telemetry_message_metric" UNIQUE("message_id", "metric_code");
ALTER TABLE "PUBLIC"."knowledge_document" ADD CONSTRAINT "PUBLIC"."CONSTRAINT_4B9B" FOREIGN KEY("created_by") REFERENCES "PUBLIC"."app_user"("id") NOCHECK;
ALTER TABLE "PUBLIC"."safety_report" ADD CONSTRAINT "PUBLIC"."CONSTRAINT_7571" FOREIGN KEY("template_id") REFERENCES "PUBLIC"."report_template"("id") NOCHECK;
ALTER TABLE "PUBLIC"."ai_risk" ADD CONSTRAINT "PUBLIC"."CONSTRAINT_C3D97" FOREIGN KEY("zone_id") REFERENCES "PUBLIC"."zone"("id") NOCHECK;
ALTER TABLE "PUBLIC"."alarm" ADD CONSTRAINT "PUBLIC"."CONSTRAINT_5897A5" FOREIGN KEY("rule_id") REFERENCES "PUBLIC"."alarm_rule"("id") NOCHECK;
ALTER TABLE "PUBLIC"."ai_risk" ADD CONSTRAINT "PUBLIC"."CONSTRAINT_C3D9" FOREIGN KEY("site_id") REFERENCES "PUBLIC"."site"("id") NOCHECK;
ALTER TABLE "PUBLIC"."push_delivery" ADD CONSTRAINT "PUBLIC"."CONSTRAINT_348F" FOREIGN KEY("channel_id") REFERENCES "PUBLIC"."push_channel"("id") NOCHECK;
ALTER TABLE "PUBLIC"."report_template" ADD CONSTRAINT "PUBLIC"."CONSTRAINT_854" FOREIGN KEY("created_by") REFERENCES "PUBLIC"."app_user"("id") NOCHECK;
ALTER TABLE "PUBLIC"."ai_agent_provider_config" ADD CONSTRAINT "PUBLIC"."CONSTRAINT_178" FOREIGN KEY("user_id") REFERENCES "PUBLIC"."app_user"("id") ON DELETE CASCADE NOCHECK;
ALTER TABLE "PUBLIC"."zone" ADD CONSTRAINT "PUBLIC"."CONSTRAINT_3923" FOREIGN KEY("site_id") REFERENCES "PUBLIC"."site"("id") NOCHECK;
ALTER TABLE "PUBLIC"."alarm" ADD CONSTRAINT "PUBLIC"."CONSTRAINT_5897A" FOREIGN KEY("device_id") REFERENCES "PUBLIC"."device"("id") NOCHECK;
ALTER TABLE "PUBLIC"."safety_report" ADD CONSTRAINT "PUBLIC"."CONSTRAINT_75714" FOREIGN KEY("created_by") REFERENCES "PUBLIC"."app_user"("id") NOCHECK;
ALTER TABLE "PUBLIC"."device" ADD CONSTRAINT "PUBLIC"."CONSTRAINT_B06" FOREIGN KEY("site_id") REFERENCES "PUBLIC"."site"("id") NOCHECK;
ALTER TABLE "PUBLIC"."alarm_action" ADD CONSTRAINT "PUBLIC"."CONSTRAINT_D89" FOREIGN KEY("operator_id") REFERENCES "PUBLIC"."app_user"("id") NOCHECK;
ALTER TABLE "PUBLIC"."knowledge_document" ADD CONSTRAINT "PUBLIC"."CONSTRAINT_4B9B4" FOREIGN KEY("reviewed_by") REFERENCES "PUBLIC"."app_user"("id") NOCHECK;
ALTER TABLE "PUBLIC"."ai_agent_conversation" ADD CONSTRAINT "PUBLIC"."CONSTRAINT_AB40" FOREIGN KEY("site_id") REFERENCES "PUBLIC"."site"("id") NOCHECK;
ALTER TABLE "PUBLIC"."sprinkler_task" ADD CONSTRAINT "PUBLIC"."CONSTRAINT_B8D4" FOREIGN KEY("site_id") REFERENCES "PUBLIC"."site"("id") NOCHECK;
ALTER TABLE "PUBLIC"."report_template" ADD CONSTRAINT "PUBLIC"."CONSTRAINT_854E" FOREIGN KEY("updated_by") REFERENCES "PUBLIC"."app_user"("id") NOCHECK;
ALTER TABLE "PUBLIC"."ai_agent_conversation" ADD CONSTRAINT "PUBLIC"."CONSTRAINT_AB4" FOREIGN KEY("user_id") REFERENCES "PUBLIC"."app_user"("id") NOCHECK;
ALTER TABLE "PUBLIC"."push_channel" ADD CONSTRAINT "PUBLIC"."CONSTRAINT_1BA" FOREIGN KEY("created_by") REFERENCES "PUBLIC"."app_user"("id") NOCHECK;
ALTER TABLE "PUBLIC"."report_template" ADD CONSTRAINT "PUBLIC"."CONSTRAINT_85" FOREIGN KEY("site_id") REFERENCES "PUBLIC"."site"("id") NOCHECK;
ALTER TABLE "PUBLIC"."alarm_action" ADD CONSTRAINT "PUBLIC"."CONSTRAINT_D8" FOREIGN KEY("alarm_id") REFERENCES "PUBLIC"."alarm"("id") NOCHECK;
ALTER TABLE "PUBLIC"."push_delivery" ADD CONSTRAINT "PUBLIC"."CONSTRAINT_348FF" FOREIGN KEY("created_by") REFERENCES "PUBLIC"."app_user"("id") NOCHECK;
ALTER TABLE "PUBLIC"."safety_report" ADD CONSTRAINT "PUBLIC"."CONSTRAINT_757" FOREIGN KEY("site_id") REFERENCES "PUBLIC"."site"("id") NOCHECK;
ALTER TABLE "PUBLIC"."camera" ADD CONSTRAINT "PUBLIC"."CONSTRAINT_AE7" FOREIGN KEY("site_id") REFERENCES "PUBLIC"."site"("id") NOCHECK;
ALTER TABLE "PUBLIC"."sprinkler_task" ADD CONSTRAINT "PUBLIC"."CONSTRAINT_B8D41" FOREIGN KEY("zone_id") REFERENCES "PUBLIC"."zone"("id") NOCHECK;
ALTER TABLE "PUBLIC"."sprinkler_task" ADD CONSTRAINT "PUBLIC"."CONSTRAINT_B8D414" FOREIGN KEY("created_by") REFERENCES "PUBLIC"."app_user"("id") NOCHECK;
ALTER TABLE "PUBLIC"."telemetry" ADD CONSTRAINT "PUBLIC"."CONSTRAINT_2E" FOREIGN KEY("device_id") REFERENCES "PUBLIC"."device"("id") NOCHECK;
ALTER TABLE "PUBLIC"."ai_agent_message" ADD CONSTRAINT "PUBLIC"."CONSTRAINT_46F" FOREIGN KEY("conversation_id") REFERENCES "PUBLIC"."ai_agent_conversation"("id") NOCHECK;
ALTER TABLE "PUBLIC"."alarm" ADD CONSTRAINT "PUBLIC"."CONSTRAINT_589" FOREIGN KEY("site_id") REFERENCES "PUBLIC"."site"("id") NOCHECK;
ALTER TABLE "PUBLIC"."push_delivery" ADD CONSTRAINT "PUBLIC"."CONSTRAINT_348" FOREIGN KEY("report_id") REFERENCES "PUBLIC"."safety_report"("id") NOCHECK;
ALTER TABLE "PUBLIC"."ai_risk" ADD CONSTRAINT "PUBLIC"."CONSTRAINT_C3D" FOREIGN KEY("camera_id") REFERENCES "PUBLIC"."camera"("id") NOCHECK;
ALTER TABLE "PUBLIC"."camera" ADD CONSTRAINT "PUBLIC"."CONSTRAINT_AE79" FOREIGN KEY("zone_id") REFERENCES "PUBLIC"."zone"("id") NOCHECK;
ALTER TABLE "PUBLIC"."knowledge_document" ADD CONSTRAINT "PUBLIC"."CONSTRAINT_4B9" FOREIGN KEY("site_id") REFERENCES "PUBLIC"."site"("id") NOCHECK;
ALTER TABLE "PUBLIC"."safety_report" ADD CONSTRAINT "PUBLIC"."CONSTRAINT_757143" FOREIGN KEY("reviewed_by") REFERENCES "PUBLIC"."app_user"("id") NOCHECK;
ALTER TABLE "PUBLIC"."alarm" ADD CONSTRAINT "PUBLIC"."CONSTRAINT_5897" FOREIGN KEY("zone_id") REFERENCES "PUBLIC"."zone"("id") NOCHECK;
ALTER TABLE "PUBLIC"."push_channel" ADD CONSTRAINT "PUBLIC"."CONSTRAINT_1B" FOREIGN KEY("site_id") REFERENCES "PUBLIC"."site"("id") NOCHECK;
ALTER TABLE "PUBLIC"."device" ADD CONSTRAINT "PUBLIC"."CONSTRAINT_B06B" FOREIGN KEY("zone_id") REFERENCES "PUBLIC"."zone"("id") NOCHECK;
